province;red;green;blue;x;x
1;204;229;152;Pokoungpt;x
2;204;179;153;Kuuwumn;x
3;153;230;153;Shruungpt;x
4;192;0;0;Mroud;x
5;192;0;128;Pouu;x
6;153;179;153;Umpou;x
7;192;128;128;Prawrish;x
8;179;204;153;Powushan;x
9;128;64;128;Rotibuukiru;x
10;64;128;128;Idtouswun;x
11;119;210;74;Guwougpt;x
12;119;128;199;Rakuumoum;x
13;96;64;192;Oukam;x
14;201;169;171;Toubomput;x
15;224;64;192;Duumpivou;x
16;224;192;192;Tor Dromn;x
17;0;64;128;Sha Tangpt;x
18;153;230;204;Fofiouswun;x
19;192;160;0;Prousorum;x
20;179;217;153;Doungou;x
21;179;166;153;Pashan;x
22;192;160;128;Ngumnwush;x
23;192;64;0;Mrabongpt;x
24;63;85;151;Hwoumpuush;x
25;128;160;128;Ohwmoum;x
26;0;224;0;Wuummomum;x
27;81;141;79;Wruuvouwrud;x
28;122;120;79;Pikirutum;x
29;128;224;0;Powouswun;x
30;128;32;64;Rotibuwrud;x
31;192;96;0;Wusompod;x
32;192;96;128;Vodruwan;x
33;128;96;128;Pudwousoum;x
34;192;224;128;Anuvruhwu;x
35;128;224;128;Powushov;x
36;74;142;210;Sha Funwof;x
37;128;32;192;Wrogangpt;x
38;64;224;0;Romnugpt;x
39;192;224;0;Hwuptoum;x
40;122;143;170;Pruubouswun;x
41;0;160;64;Wompudro;x
42;128;160;64;Fruman;x
43;192;64;128;Pkoshu;x
44;70;70;122;Hwampumn;x
45;0;0;192;Froubou;x
46;48;128;64;Prakuushan;x
47;64;96;0;Wagouman;x
48;192;160;192;Ouruuwub;x
49;130;123;117;Pribouman;x
50;64;32;192;Dohswun;x
51;48;128;192;Joth;x
52;176;128;192;Shabupti;x
53;176;0;64;Tuptiwoum;x
54;0;96;64;Sha Wongpt;x
55;176;128;64;Wrousonto;x
56;116;74;122;Ngumvouswun;x
57;176;0;192;Pishukuwan;x
58;208;64;192;Tha;x
59;176;210;74;Fuwofous;x
60;128;224;64;Pruubungpt;x
61;128;224;192;Niro;x
62;192;96;64;Gi Drukgpt;x
63;48;0;192;Prumnouswun;x
64;240;192;128;Pundundtwun;x
65;176;192;192;Doud;x
66;152;117;121;Kukuumn;x
67;240;64;192;Shodmau;x
68;240;192;64;Zhazpt;x
69;112;64;192;Bobumoum;x
70;112;192;64;Misonti;x
71;240;64;64;Kupi;x
72;128;96;192;Jun;x
73;192;96;192;Noozht;x
74;209;215;159;Kaua;x
75;16;160;0;Naun;x
76;0;96;192;Maboma;x
77;74;146;55;Piik;x
78;0;160;0;Muzhfuzh;x
79;32;192;192;Faamn;x
80;160;64;192;Treuguu;x
81;128;160;0;Mruuwub;x
82;160;192;192;Tykomt;x
83;224;224;224;Vuso;x
84;16;128;128;Aaruumra;x
85;16;128;0;Tykuug;x
86;144;128;0;Tykeubuyk;x
87;144;128;128;Tuteu;x
88;134;75;69;Woruykreu;x
89;208;0;0;Azaaw;x
90;80;128;0;Zaat;x
91;115;85;191;Ykufun;x
92;64;32;128;Vuyawo;x
93;208;0;128;Vove;x
94;109;100;92;Wiwuchy;x
95;16;192;0;Achyimut;x
96;204;24;24;Fithaoog;x
97;144;64;0;Sibofuth;x
98;86;118;81;Tumiva;x
99;208;128;128;Vofo;x
100;16;64;128;Tuwuo;x
101;144;192;0;Chyot;x
102;208;128;0;Fubijouwun;x
103;80;64;128;Proumoum;x
104;192;48;128;Wuvo;x
105;64;176;128;Thom;x
106;208;64;0;Woruuba;x
107;80;192;0;Tangaaykam;x
108;208;192;0;Aaykam;x
109;144;64;64;Ykuzaa;x
110;16;192;128;Tangayk;x
111;134;115;72;Mramraa;x
112;144;192;128;Mreuvayk;x
113;80;128;128;Nguuykzo;x
114;192;32;128;Zaammeuyk;x
115;0;96;128;Ykruykuw;x
116;144;64;128;Ykuuhwu;x
117;208;0;192;Zoveubu;x
118;0;32;192;Tommuubuu;x
119;80;128;192;Zruyk;x
120;132;75;214;Aaykeum;x
121;208;128;192;Ykuykaa;x
122;94;120;119;Yeg;x
123;16;192;64;Fathe;x
124;208;128;64;Ykrom;x
125;144;192;64;Tumtaa;x
126;144;64;192;Zruungt;x
127;16;64;192;Tykaaw;x
128;16;192;192;Zaykumn;x
129;144;192;192;Ykont;x
130;122;112;123;Traawaa;x
131;192;48;64;Ykunt;x
132;128;48;64;Chyichy;x
133;0;176;64;Befo;x
134;128;176;192;Wuykzosweu;x
135;0;176;192;Zreufuf;x
136;208;128;112;Zomtuuykeu;x
137;128;176;64;Ykuufrongu;x
138;0;48;192;Ykraayk;x
139;76;108;123;Veuzu;x
140;79;163;196;Zruswuf;x
141;192;240;128;Ykumo;x
142;192;112;128;Ykeuyk;x
143;192;240;0;Truunt;x
144;64;112;128;Vuthoo;x
145;64;240;0;Gasog;x
146;208;0;64;Vohu;x
147;208;64;128;Trowu;x
148;80;192;128;Zrov;x
149;80;128;64;Teuykeuyk;x
150;132;72;126;Ykaab;x
151;144;128;192;Tykaamu;x
152;16;128;192;Ykruut;x
153;144;0;192;Ykeub;x
154;74;95;122;Gimi;x
155;90;74;121;Homu;x
156;16;0;192;Pourswoum;x
157;0;160;192;Bochyusu;x
158;208;192;128;Thogiwe;x
159;208;192;64;Vooroo;x
160;208;64;64;Chyuthom;x
161;128;160;192;Tovu;x
162;144;0;64;Higu;x
163;16;128;64;Borooth;x
164;80;192;64;Guthoo;x
165;128;96;0;Chyuso;x
166;64;160;128;Rum;x
167;144;128;64;Bom;x
168;0;160;128;Tosuchyuth;x
169;240;64;128;Vachy;x
170;112;128;64;Yuchyag;x
171;153;119;165;Thoosesu;x
172;192;32;0;Heg;x
173;112;192;0;Wath;x
174;148;215;186;Tuv;x
175;64;224;128;Isig;x
176;240;192;0;Thub;x
177;112;0;64;Isewo;x
178;0;0;144;Sebet;x
179;112;64;0;Tuvoochy;x
180;208;192;192;Guchyooweth;x
181;240;64;0;Guse;x
182;176;192;128;Yoom;x
183;108;210;165;Drit;x
184;240;0;64;Evat;x
185;176;64;128;Vuvechy;x
186;43;191;151;Hooruth;x
187;192;112;0;Ghech;x
188;94;107;77;Vog;x
189;128;112;128;Nuky;x
190;0;240;192;Machri;x
191;163;206;188;Rib;x
192;0;240;128;Qipt;x
193;128;240;128;Dhodmaba;x
194;64;112;0;Zan;x
195;32;176;0;Nimii;x
196;0;240;0;Foshdzab;x
197;128;112;0;Koshu;x
198;160;48;0;Fuumimowush;x
199;192;240;64;Pruundizii;x
200;64;112;192;Jana;x
201;64;112;64;Bazd;x
202;192;112;64;Gauzhkt;x
203;22;158;45;Hwoun;x
204;64;240;64;Baucha;x
205;226;240;64;Vabhin;x
206;0;112;192;Koba;x
207;0;112;64;Wiwzhut;x
208;165;153;119;Fiizt;x
209;128;112;192;Nahog;x
210;0;240;64;Mauchi;x
211;192;176;192;Guwouf;x
212;240;0;128;Ganii;x
213;48;64;128;Mozhkt;x
214;64;176;192;Pazizhpt;x
215;176;192;0;Dan;x
216;192;112;192;Toom;x
217;176;64;0;Trata;x
218;48;192;0;Rabat;x
219;240;128;0;Tobuchy;x
220;112;0;128;Kyor;x
221;112;128;128;Sesi;x
222;112;128;0;Qir;x
223;176;0;0;Koho;x
224;48;128;128;Reema;x
225;240;128;128;Cheydne;x
226;192;192;128;Gaba;x
227;108;73;77;Foddoo;x
228;96;109;79;Viizhozha;x
229;161;75;78;Jauzt;x
230;74;74;176;Godhii;x
231;240;0;0;Mozta;x
232;176;128;128;Zhiizh;x
233;55;126;85;Shafiik;x
234;176;128;0;Maug;x
235;48;0;128;Zadt;x
236;112;192;128;Chadii;x
237;48;128;0;Vafshak;x
238;176;0;128;Pobho;x
239;237;199;218;Jaub;x
240;66;212;150;Nozho;x
241;48;64;192;Zhozodzhu;x
242;147;154;206;Gupo;x
243;165;142;210;Faudzzhazh;x
244;210;142;210;Buk;x
245;176;64;192;Dok;x
246;176;192;64;Pyighug;x
247;48;192;64;Bupush;x
248;176;64;64;Zhinit;x
249;110;117;123;Nuwto;x
250;240;128;192;Shogub;x
251;192;128;64;Chakd;x
252;128;64;64;Fiifa;x
253;139;119;144;Nozhno;x
254;104;142;121;Shan;x
255;160;96;64;Dhaug;x
256;32;224;64;Zhof;x
257;160;192;224;Fiztu;x
258;32;224;192;Vozht;x
259;160;96;192;Majaud;x
260;224;96;64;Pifshop;x
261;160;224;192;Kazd;x
262;150;146;121;Chomomnii;x
263;160;224;64;Bida;x
264;32;96;192;Daumiimat;x
265;96;224;64;Diizhkt;x
266;160;224;0;Mozzii;x
267;32;224;0;Dadu;x
268;32;96;128;Guzh;x
269;160;224;128;Fadt;x
270;160;96;128;Phunto;x
271;32;224;128;Dutuzh;x
272;54;56;131;Dodbi;x
273;32;32;192;Ntishat;x
274;160;160;64;Jonu;x
275;32;160;64;Ut;x
276;160;32;64;Vag;x
277;96;224;0;Vozza;x
278;224;224;0;Gaha;x
279;224;96;0;Pish;x
280;96;96;0;Vadt;x
281;224;96;128;Jozi;x
282;96;96;128;Gof;x
283;134;176;33;Pwunta;x
284;32;160;192;Dishi;x
285;101;97;124;Ntubdi;x
286;160;33;176;Anyuntog;x
287;96;32;192;Yur;x
288;224;224;128;Ugh;x
289;160;160;192;Dyopi;x
290;96;224;128;Dapaybu;x
291;140;102;123;Vush;x
292;224;32;64;Shug;x
293;96;160;64;Napa;x
294;96;224;192;Dutu;x
295;224;160;64;Nushut;x
296;224;32;192;Jowuph;x
297;96;96;192;Uyi;x
298;224;224;64;Shot;x
299;96;160;192;Twid;x
300;224;224;192;Byavi;x
301;98;89;147;Tutdov;x
302;128;0;32;Dupa;x
303;224;96;192;Twunazh;x
304;19;114;99;Shiwduv;x
305;192;64;192;Vuunwu;x
306;192;192;192;Jogud;x
307;97;128;128;Gid;x
308;64;64;192;Rubo;x
309;224;128;32;Potdapob;x
310;251;103;124;Riba;x
311;96;1;32;Iru;x
312;96;128;32;Shinja;x
313;192;65;224;Tur;x
314;32;128;160;Buphugi;x
315;96;0;160;Puzhtanyuph;x
316;149;161;84;Zhunti;x
317;97;192;97;Vazhkt;x
318;224;128;1;Adbi;x
319;65;192;192;Bazhzda;x
320;97;1;128;Dyonjub;x
321;223;0;128;Bud;x
322;96;64;96;Chazd;x
323;160;1;160;Bagh;x
324;196;128;165;Nozkhzt;x
325;192;192;224;Gaub;x
326;1;1;160;Zuma;x
327;248;228;0;Zofk;x
328;160;128;33;Pam;x
329;65;192;224;Ud;x
330;160;1;32;Pyagh;x
331;33;192;224;Paujie;x
332;64;64;223;Tieke;x
333;65;192;97;Yaswau;x
334;192;65;97;Siekakhhz;x
335;192;192;97;Samou;x
336;101;124;82;Mouwhous;x
337;160;192;0;Emau;x
338;224;128;128;Yaumiem;x
339;32;128;1;Mamousz;x
340;74;100;99;Mojau;x
341;64;192;64;Soujep;x
342;160;65;128;Bog;x
343;224;192;224;Pouzzom;x
344;97;192;224;Siekakhhz;x
345;224;65;224;Mojem;x
346;33;65;128;Tauswopz;x
347;121;211;121;Zakaugau;x
348;224;65;97;Yemie;x
349;128;160;33;Gagauzzie;x
350;1;160;33;Taukoukokhh;x
351;1;33;160;Taumakhhz;x
352;191;96;96;Yos;x
353;96;64;224;Tauswa;x
354;0;160;160;Mogie;x
355;128;33;160;Gawhoume;x
356;191;32;96;Zauge;x
357;1;224;33;Tao;x
358;128;97;33;Sauswauy;x
359;74;142;93;Mekag;x
360;65;224;97;Miekie;x
361;1;97;160;Youndz;x
362;0;224;160;Mauzzam;x
363;168;255;81;Mokesz;x
364;192;160;160;Michyob;x
365;128;96;160;Akas;x
366;128;65;224;Maumondz;x
367;0;191;223;Teswauswa;x
368;148;70;143;Paukap;x
369;128;65;96;Ieswa;x
370;0;192;96;Tim;x
371;128;192;97;Thihu;x
372;128;192;224;Tuvumo;x
373;116;112;139;Vusu;x
374;144;0;224;Isoobo;x
375;119;119;50;Thusoothi;x
376;128;192;160;Husut;x
377;192;64;33;Fom;x
378;1;192;160;Moseth;x
379;192;192;160;Fuvoo;x
380;76;72;148;Hoth;x
381;0;0;223;Vesi;x
382;65;192;160;Chyuve;x
383;192;192;33;Tufasu;x
384;192;65;160;Yeho;x
385;65;192;33;Ovu;x
386;65;65;160;Voowot;x
387;1;128;97;Som;x
388;1;65;160;Vauf;x
389;128;65;160;Chopt;x
390;128;0;96;Shaub;x
391;128;128;97;Dag;x
392;145;101;116;Jadzho;x
393;128;128;160;Dhauna;x
394;176;160;192;Mapt;x
395;239;32;64;Muv;x
396;72;111;106;Vivak;x
397;81;128;160;Spohni;x
398;208;1;160;Chyogum;x
399;160;160;128;Vebog;x
400;224;160;192;Rut;x
401;16;96;0;Femooru;x
402;16;160;192;Oboovu;x
403;112;64;160;Gevoo;x
404;112;192;32;Soga;x
405;239;191;32;Gigig;x
406;239;0;223;Dheduhd;x
407;112;0;96;Tihe;x
408;239;64;160;Odi;x
409;110;72;145;Thuhehd;x
410;176;0;224;Dhudi;x
411;176;128;224;Oghu;x
412;240;192;160;Spumi;x
413;112;191;160;Pehnihni;x
414;48;128;224;Tehehd;x
415;144;32;192;Sputhet ;x
416;176;96;128;Dhuhmetheh;x
417;16;32;192;Yiewha;x
418;144;160;64;Mewho;x
419;183;142;84;Pakakou;x
420;208;224;128;Pakousz;x
421;85;96;126;Pauswap;x
422;144;32;64;Mauzzokhh;x
423;112;96;0;Mieswiet;x
424;16;160;64;Taswesz;x
425;144;96;0;Moukiekhhz;x
426;144;160;192;Mauie;x
427;112;128;223;Maumausz;x
428;240;128;96;Giemiejie;x
429;112;0;224;Maugasz;x
430;240;128;224;Pouga;x
431;109;120;150;Yaukat;x
432;240;0;96;Tauje;x
433;112;128;96;Samau;x
434;80;160;64;Sauko;x
435;48;224;128;Memaus;x
436;176;224;128;Mozzasz;x
437;63;116;175;Egaum;x
438;16;223;0;Majoume;x
439;144;224;0;Aka;x
440;136;98;119;Youswaka;x
441;208;32;64;Mouswendz;x
442;208;160;64;Tamiewhou;x
443;208;32;192;Yajou;x
444;80;32;192;Gauy;x
445;48;96;0;Okieg;x
446;80;160;192;Saujowhau;x
447;176;96;0;Miejie;x
448;112;192;96;Yegou;x
449;240;192;96;Maumie;x
450;48;224;0;Tegou;x
451;176;64;96;Maus;x
452;239;64;96;Ziewho;x
453;112;64;96;Pougauzzoundz;x
454;48;192;96;Maukouwha;x
455;48;96;128;Sous;x
456;176;224;0;Zaukhh;x
457;16;96;64;Giekepz;x
458;240;160;128;Yamiesz;x
459;112;160;128;Miewhau;x
460;240;32;128;Goswoumiesz;x
461;144;96;128;Mejesz;x
462;16;96;128;Maugou;x
463;207;159;191;Gouie;x
464;16;96;192;Agouzzot;x
465;107;75;164;Tiejou;x
466;208;0;224;Yakau;x
467;49;192;223;Tuikue;x
468;176;192;224;Tekagau;x
469;176;64;224;Goukaupz;x
470;48;64;224;Mougauzzapz;x
471;176;192;96;Tawhakhhz;x
472;80;128;224;Tuoyi;x
473;239;64;32;Okueb;x
474;208;224;64;Tarub;x
475;80;96;192;Yauzzandz;x
476;80;224;64;Pezzau;x
477;208;96;192;Goukhh;x
478;240;160;0;Dimichyhi;x
479;112;160;0;Youm;x
480;80;224;192;Souzzo;x
481;240;32;0;Paugo;x
482;176;32;0;Hueu;x
483;112;32;0;Aue;x
484;0;144;32;Mieswe;x
485;80;96;0;Mazzasz;x
486;48;160;0;Duobam;x
487;48;32;128;Oauzd;x
488;176;160;128;Fiizhpt;x
489;176;160;0;Dapt;x
490;176;32;128;Chush;x
491;128;16;160;Dhikftaut;x
492;112;32;128;Vofaumiik;x
493;16;224;192;Miiza;x
494;158;201;184;Jobi;x
495;80;96;64;Vikd;x
496;144;96;192;Gaufii;x
497;48;160;128;Azzidii;x
498;224;192;32;Nozh;x
499;17;224;65;Paupii;x
500;144;96;64;Mofa;x
501;177;233;121;Dhov;x
502;96;240;128;Nop;x
503;143;223;128;Zhiiziin;x
504;208;96;64;Dhab;x
505;223;239;128;Shovii;x
506;113;21;139;Chamnak;x
507;98;104;120;Doba;x
508;160;48;64;Zakd;x
509;128;16;32;Kidau;x
510;128;144;32;Diidt;x
511;208;96;0;Zhufshmo;x
512;78;84;100;Duhak;x
513;160;176;64;Kodii;x
514;32;48;192;Gizhok;x
515;32;176;64;Kashfta;x
516;0;16;160;Miish;x
517;188;110;211;Pauk;x
518;208;160;0;Jug;x
519;208;224;192;Gaufk;x
520;48;32;163;Vabozt;x
521;208;160;128;Zhaftazht;x
522;80;160;0;Nozht;x
523;208;32;0;Machav;x
524;84;81;100;Kajit;x
525;235;169;53;Piidho;x
526;160;112;128;Shoz;x
527;32;112;128;Nizh;x
528;88;114;151;Pihap;x
529;224;0;160;Viidzzhiibhii;x
530;96;128;159;Zhaztiishftaum;x
531;65;128;97;Pamna;x
532;192;128;224;Fodt;x
533;104;190;102;Pashdzii;x
534;105;75;145;Bazofk;x
535;191;0;223;Dafshi;x
536;33;128;224;Paud;x
537;160;1;224;Fafta;x
538;77;98;160;Shaumii;x
539;192;128;97;Jafobazd;x
540;192;1;97;Shiizu;x
541;65;1;224;Vakftog;x
542;128;128;224;Kuma;x
543;120;75;142;Bafti;x
544;224;128;160;Shob;x
545;224;65;160;Bachii;x
546;25;174;25;Shodhii;x
547;160;65;33;Zof;x
548;86;116;82;Isha;x
549;131;177;168;Jiim;x
550;160;64;160;Zhia;x
551;97;192;160;Nazht;x
552;223;64;32;Zan;x
553;160;128;224;Bodt;x
554;97;128;97;Fiikd;x
555;138;68;140;Nabau;x
556;207;93;142;Miidag;x
557;224;192;160;Gadzzhat;x
558;121;83;104;Pada;x
559;175;223;191;Afshmi;x
560;49;224;192;Nazhpt;x
561;81;192;33;Pozd;x
562;208;192;33;Mobhi;x
563;81;65;160;Zudshofk;x
564;17;192;160;Nop;x
565;144;192;160;Pop;x
566;192;128;32;Duftojo;x
567;139;124;103;Pofshmajazhkt;x
568;208;65;33;Shiip;x
569;49;128;97;Fiivid;x
570;144;192;32;Moft;x
571;17;192;33;Vaukd;x
572;208;128;160;Spuhnu;x
573;144;64;32;Thromy;x
574;93;122;104;Nomnaudmha;x
575;81;128;33;Dhazo;x
576;131;75;102;Tifeth;x
577;128;1;224;Vogechy;x
578;33;1;224;Eynothed;x
579;81;1;160;Tohe;x
580;160;128;97;Thurug;x
581;1;128;224;Zom;x
582;33;128;97;Pakd;x
583;65;128;33;Zid;x
584;65;1;160;Shadzzha;x
585;159;0;96;Mafa;x
586;176;1;96;Pauft;x
587;176;128;97;Kubhau;x
588;174;186;42;Vofag;x
589;17;128;96;Niidzzhudship;x
590;16;0;96;Bodozhpt;x
591;143;0;96;Viipt;x
592;112;74;95;Gadmaushftu;x
593;219;184;76;Jizd;x
594;144;128;96;Vovauzht;x
595;208;192;160;Koma;x
596;144;64;160;Jajau;x
597;81;192;160;Giftozpt;x
598;208;65;160;Diish;x
599;176;1;33;Mochi;x
600;176;128;33;Nadshau;x
601;49;128;33;Fakd;x
602;49;1;160;Chaftok;x
603;126;75;134;Gaug;x
604;144;128;224;Mofk;x
605;80;128;96;Fazt;x
606;208;1;97;Daudhi;x
607;208;128;96;Bauztat;x
608;17;127;224;Dhukftod;x
609;144;65;224;Jaum;x
610;166;238;251;Bazpt;x
611;144;192;224;Midod;x
612;81;192;224;Miin;x
613;240;97;192;Shit;x
614;208;192;224;Shizhodzzhof;x
615;240;224;192;Dazhpt;x
616;176;97;65;Zog;x
617;17;1;160;Dosh;x
618;143;128;32;Baftik;x
619;49;97;65;Dauzhzdachaubt;x
620;17;128;160;Bid;x
621;169;121;59;Bodha;x
622;144;1;160;Modhag;x
623;240;224;1;Vaufo;x
624;48;160;32;Nift;x
625;113;224;65;Mazt;x
626;144;128;160;Viimi;x
627;113;97;65;Nauna;x
628;29;107;148;Jaudt;x
629;240;97;65;Puz;x
630;240;224;65;Chusho;x
631;239;96;128;Modijov;x
632;113;224;128;Sphuhmid;x
633;81;97;97;Sohi;x
634;144;224;224;Hehuoh;x
635;208;97;97;Kubue;x
636;81;48;106;Oshu;x
637;81;224;97;Duihuo;x
638;32;192;0;Koftiig;x
639;113;97;128;Nomiin;x
640;207;32;32;Kuamue;x
641;81;224;224;Kuhuog;x
642;113;95;93;Toshi;x
643;207;223;223;Hibosho;x
644;176;33;33;Tuakuom;x
645;132;97;101;Fumua;x
646;208;97;224;Nokd;x
647;81;97;160;Daha;x
648;16;159;159;Dhiizt;x
649;144;160;160;Bupo;x
650;80;96;223;Faum;x
651;144;33;160;Bamabok;x
652;144;224;33;Faushush;x
653;17;97;160;Pava;x
654;208;224;160;Mozhkt;x
655;208;97;160;Shafag;x
656;208;224;33;Diifshmadt;x
657;81;224;160;Pipt;x
658;96;144;192;Dhokfti;x
659;48;96;96;Shazav;x
660;175;96;159;Dhibausha;x
661;176;97;97;Mov;x
662;49;160;160;Vazh;x
663;0;167;244;Zikftozpt;x
664;176;224;32;Vodt;x
665;224;33;33;Fuke;x
666;81;224;33;Mazhodi;x
667;224;163;33;Guzhazh;x
668;49;224;33;Kadaut;x
669;33;100;224;Zhachufshoft;x
670;176;160;224;Kuochyheh;x
671;239;32;96;Zhobi;x
672;48;224;160;Fazza;x
673;244;0;69;Kufsho;x
674;176;97;33;Chaztozhno;x
675;217;224;33;Iiva;x
676;113;33;97;Kav;x
677;138;202;155;Moshdzada;x
678;176;224;160;Shaup;x
679;160;192;32;Vaji;x
680;128;1;160;Kuikig;x
681;96;191;32;Tevu;x
682;110;97;127;Duguivuab;x
683;192;1;33;Fohuz;x
684;175;159;32;Choz;x
685;94;144;145;Gofk;x
686;177;200;76;Fiik;x
687;97;65;33;Dodzhof;x
688;240;224;128;Zhanik;x
689;16;223;223;Dofa;x
690;128;160;160;Mit;x
691;148;80;0;Mona;x
692;1;128;160;Pizto;x
693;122;96;97;Pohmith;x
694;65;160;33;Thumu;x
695;65;33;160;Haho;x
696;191;159;32;Tihnu;x
697;192;32;160;Sphuhmehmet;x
698;64;160;160;Thumet;x
699;33;65;160;Bigueg;x
700;192;33;33;Dhithid;x
701;65;224;160;Dukua;x
702;17;160;33;Sphihmi;x
703;144;96;96;Pumuhrt;x
704;17;97;224;Kibuim;x
705;144;224;96;Sutho;x
706;65;97;160;Thuime;x
707;128;159;96;Tuhmu;x
708;128;33;97;Puhnoh;x
709;0;159;96;Spighudot;x
710;87;126;228;Suhuhd;x
711;64;223;32;Dhode;x
712;192;97;160;Sphughu;x
713;96;0;223;Dhehnohrt;x
714;17;224;97;Thithumohrt;x
715;81;160;224;Siduhneht;x
716;208;160;224;Spimu;x
717;192;224;160;Gogu;x
718;1;97;224;Vuthoo;x
719;192;97;33;Gasog;x
720;208;128;224;Spuhneh;x
721;144;192;96;Ethu;x
722;17;64;224;Tihoht;x
723;17;192;97;Pehmuth;x
724;144;64;97;Sighi;x
725;84;114;138;Sehnuht;x
726;208;64;96;Sphuthuhmeh;x
727;134;122;144;Dhohnut;x
728;80;192;96;Dhohetho;x
729;176;1;160;Ehme;x
730;48;128;160;Thihmeh;x
731;176;128;160;Sphighet;x
732;81;65;224;Spighud;x
733;85;72;102;Tide;x
734;208;191;96;Sithehd;x
735;208;64;224;Thughuhe;x
736;144;0;33;Sohno;x
737;16;128;33;Sothu;x
738;112;1;32;Tughi;x
739;239;0;33;Sodihmo;x
740;240;128;33;Jopht;x
741;112;0;160;Vutta;x
742;112;128;32;Omed;x
743;240;0;160;Sphehu;x
744;112;128;160;Ughuhd;x
745;106;118;98;Thihnuhd;x
746;240;128;160;Gennu;x
747;176;64;32;Pougou;x
748;176;192;32;Thihuhd;x
749;176;192;160;Youja;x
750;176;64;160;Yau;x
751;48;64;160;Boheg;x
752;48;192;33;Goume;x
753;49;192;160;Youndz;x
754;176;32;64;Saswat;x
755;64;144;160;Zout;x
756;48;32;159;Sphiheht;x
757;112;64;32;Ngogo;x
758;64;80;223;Thuhohd;x
759;192;16;32;Dhughehrt;x
760;192;80;224;Spehmohrt;x
761;120;84;96;Thumo;x
762;192;144;160;Dhihi;x
763;128;81;32;Tehmohrt;x
764;0;208;32;Deth;x
765;128;208;32;Spighehd;x
766;48;160;64;Vopht;x
767;49;224;65;Puttugh;x
768;176;224;64;Huchyheh;x
769;48;96;191;Viik;x
770;176;97;192;Hishuah;x
771;113;160;65;Paushum;x
772;112;223;0;Monu;x
773;240;33;192;Fiizt;x
774;113;160;192;Kiifo;x
775;18;77;115;Burug;x
776;81;160;33;Fayig;x
777;16;96;32;Podt;x
778;240;160;64;Tuomew;x
779;144;97;33;Tuiyih;x
780;208;160;33;Huyig;x
781;239;160;192;Boyab;x
782;17;160;224;Vojo;x
783;81;160;160;Chip;x
784;240;97;1;Zaushapt;x
785;80;32;159;Naubt;x
786;208;160;160;Shazhfiina;x
787;17;33;224;Dazhpt;x
788;144;33;224;Teshue;x
789;208;33;160;Guna;x
790;200;225;201;Foshftak;x
791;144;33;97;Biip;x
792;98;105;152;Pazhadzho;x
793;128;207;0;Shaft;x
794;16;160;96;Bofshmi;x
795;144;97;160;Bozh;x
796;144;160;97;Chadzha;x
797;237;186;32;Hoyim;x
798;208;33;224;Kukue;x
799;98;167;48;Bichyhog;x
800;68;110;132;Buebuo;x
801;160;0;176;Tuthith;x
802;208;33;97;Bashome;x
803;165;211;169;Buoga;x
804;157;255;175;Dueshuabuo;x
805;112;160;224;Keki;x
806;17;224;160;Ihue;x
807;224;17;139;Diguige;x
808;240;160;224;Tuivu;x
809;208;97;33;Kushog;x
810;205;210;55;Kukui;x
811;181;87;87;Bichui;x
812;113;160;160;Tuoshivaw;x
813;232;213;156;Fahua;x
814;240;160;160;Korueb;x
815;240;33;160;Buya;x
816;110;113;146;Tashom;x
817;113;33;160;Fuaki;x
818;49;96;33;Kuege;x
819;144;224;160;Huvui;x
820;1;208;96;Bere;x
821;80;96;32;Timuo;x
822;210;97;158;Hueyow;x
823;112;32;32;Thumoht;x
824;128;80;224;Soghihmuhrt;x
825;1;208;224;Duoko;x
826;75;121;202;Kavoshi;x
827;64;80;96;Keuoh;x
828;112;160;32;Divuamaw;x
829;97;129;210;Bukamo;x
830;240;32;32;Thuhned;x
831;128;208;96;Spomo;x
832;160;208;160;Ude;x
833;230;232;104;Nguny;x
834;141;127;98;Negedu;x
835;70;95;141;Yugor;x
836;191;81;96;Kuoshuab;x
837;81;135;145;Jogu;x
838;160;16;160;Paba;x
839;96;208;32;Avafrt;x
840;224;81;32;Rahu;x
841;192;208;96;Thuhnoth;x
842;97;229;126;Puthih;x
843;197;100;82;Spihne;x
844;33;144;160;Tohot;x
845;96;144;160;Sutheht;x
846;224;17;160;Sputhi;x
847;223;144;32;Dav;x
848;96;16;160;Badath;x
849;208;160;97;Hovap;x
850;81;160;97;Gedav;x
851;199;113;224;Nobo;x
852;113;192;224;Onnu;x
853;123;224;113;Yuja;x
854;1;81;33;Nohepht;x
855;191;48;32;Duny;x
856;121;104;94;Ngadafrt;x
857;64;176;32;Tihi;x
858;240;32;130;Gud;x
859;32;115;240;Uge;x
860;240;160;32;Gur;x
861;48;160;96;Peth;x
862;176;160;96;Ngojabe;x
863;48;32;224;Yob;x
864;128;144;0;Yunne;x
865;176;32;224;Yunnofrt;x
866;164;237;92;Noho;x
867;86;8;122;Hunneg;x
868;48;160;224;Ud;x
869;32;80;32;Pattug;x
870;160;144;160;Ngov;x
871;96;16;32;Bath;x
872;224;144;160;Uni;x
873;235;152;243;Bega;x
874;64;16;96;Dannago;x
875;224;16;32;Nuhep;x
876;64;144;0;Nadagh;x
877;120;88;73;Gony;x
878;192;144;0;Ettu;x
879;64;16;128;Vepht;x
880;192;16;0;Ngog;x
881;240;64;224;Guddugh;x
882;0;16;128;Ronnugh;x
883;128;144;128;Guofrt;x
884;0;144;128;Adunno;x
885;192;144;128;Juhu;x
886;0;144;0;Ragug;x
887;128;16;128;Rubu;x
888;192;16;128;Timo;x
889;201;207;36;Ye;x
890;0;208;0;Dodar;x
891;64;144;128;Huge;x
892;195;60;15;Hub;x
893;160;144;224;Thithuh;x
894;33;17;224;Yetta;x
895;160;144;96;Hop;x
896;176;224;96;Nehenne;x
897;122;22;121;Rader;x
898;204;189;25;Yeuvuth;x
899;102;83;128;Rattugh;x
900;224;17;96;Rag;x
901;166;177;76;Duga;x
902;224;17;224;Ber;x
903;128;176;32;Moujouje;x
904;224;144;96;Goer;x
905;97;144;96;Sem;x
906;142;248;149;Attog;x
907;0;48;160;Joga;x
908;96;208;224;Pegam;x
909;194;180;131;Siewhapz;x
910;224;208;224;Iekou;x
911;80;163;135;Yejaum;x
912;236;202;199;Kikihub;x
913;199;236;203;Huige;x
914;96;16;224;Hame;x
915;160;80;224;Kekui;x
916;54;94;143;Ouga;x
917;224;80;96;Zouswou;x
918;201;203;192;Wousz;x
919;96;80;96;Suxam;x
920;96;208;96;Xaeve;x
921;224;208;96;Naekiarechk;x
922;224;80;224;Xian;x
923;0;176;160;Xaexachk;x
924;32;144;224;Raemiab;x
925;146;112;46;Mukou;x
926;32;80;96;Rouxaem;x
927;160;80;96;Bukochk;x
928;224;144;224;Nokixiochk;x
929;32;208;96;Sobio;x
930;29;127;94;Tiotu;x
931;96;144;224;Saep;x
932;128;112;96;Tatou;x
933;32;80;224;Saema;x
934;160;208;96;Xamun;x
935;0;240;96;Xasa;x
936;64;96;32;Rouxu;x
937;191;223;32;Rorichk;x
938;128;224;160;Mouxu;x
939;224;97;118;Iar;x
940;65;97;97;Haumhu;x
941;128;224;97;Noub;x
942;128;223;223;Vuppia;x
943;192;223;96;Emaema;x
944;1;224;97;Tabia;x
945;192;160;224;Marou;x
946;1;97;97;Nion;x
947;128;97;97;Fomog;x
948;65;160;224;Ghuigo;x
949;128;97;224;Bhaju;x
950;208;224;97;Ghoiuh;x
951;143;159;32;Mhaucha;x
952;176;33;160;Mhaukh;x
953;126;221;158;Mhoiugig;x
954;240;224;33;Bhoiubhe;x
955;113;97;160;Chandhoiuh;x
956;113;224;160;Habhi;x
957;224;1;224;Sebim;x
958;1;224;224;Xakas;x
959;17;33;160;Mhuinau;x
960;240;97;160;Ghuboiu;x
961;114;98;145;Xiop;x
962;224;128;97;Nokio;x
963;113;65;224;Xave;x
964;49;224;224;Bhabhui;x
965;239;96;32;Ghindhuikh;x
966;112;96;96;Vesae;x
967;176;223;223;Beke;x
968;113;97;33;Boppaen;x
969;113;224;33;Bhabind;x
970;176;33;97;Chaumhi;x
971;240;224;160;Buivo;x
972;113;224;97;Boxa;x
973;240;97;97;Nebitchk;x
974;113;224;224;Xamir;x
975;112;32;223;Vouka;x
976;240;224;97;Vawo;x
977;192;224;224;Bivae;x
978;240;97;224;Sarutchk;x
979;128;81;128;Tuxis;x
980;113;97;224;Niakise;x
981;131;84;82;Rivoun;x
982;160;64;0;Remom;x
983;33;192;128;Rawiotchk;x
984;160;192;128;Buren;x
985;207;181;75;Bioxaes;x
986;160;0;64;Miab;x
987;32;128;64;Numochk;x
988;224;64;0;Natio;x
989;96;65;128;Mete;x
990;223;64;128;Soup;x
991;224;192;128;Robom;x
992;64;32;223;Motian;x
993;160;128;0;Wrikyoi;x
994;1;160;224;Zoirk;x
995;108;110;122;Noriap;x
996;128;160;224;Zhuzhyi;x
997;143;121;233;Mexiakam;x
998;177;238;116;Ghauvo;x
999;160;160;33;Nhindhuig;x
1000;223;191;96;Tinae;x
1001;224;32;32;Riab;x
1002;4;93;10;Vinutchk;x
1003;128;32;223;Eksing;x
1004;160;0;0;Resappim;x
1005;64;160;96;Rume;x
1006;0;32;224;Memoter;x
1007;192;160;96;Qiksi;x
1008;224;160;33;Ninga;x
1009;141;100;98;Ksikeon;x
1010;160;33;32;Qege;x
1011;160;32;160;Fojos;x
1012;33;33;160;Madu;x
1013;97;33;160;Ihe;x
1014;32;160;32;Meorus;x
1015;192;32;224;Teoneos;x
1016;188;4;65;Kseon;x
1017;33;160;160;Idha;x
1018;64;223;223;Qoowad;x
1019;160;160;160;Bena;x
1020;96;160;160;Kanang;x
1021;97;96;32;Ikuni;x
1022;223;32;160;Bawob;x
1023;192;192;64;Qeomum;x
1024;96;192;128;Qete;x
1025;97;97;160;Ksanung;x
1026;160;128;64;Hodoob;x
1027;160;128;160;Quef;x
1028;160;0;192;Qingu;x
1029;32;128;192;Hiko;x
1030;223;160;160;Quhedh;x
1031;32;96;32;Manu;x
1032;160;96;32;Fungung;x
1033;33;223;33;Masu;x
1034;191;112;96;Eoging;x
1035;160;224;33;Edwud;x
1036;1;80;64;Negaji;x
1037;96;223;33;Hoduwad;x
1038;65;144;192;Bikan;x
1039;224;96;32;Boodwu;x
1040;128;81;64;Booxi;x
1041;128;16;64;Uhub;x
1042;160;96;160;Owebwe;x
1043;160;223;160;Deko;x
1044;33;223;160;Soxib;x
1045;1;80;128;Godwib;x
1046;192;81;128;Buhu;x
1047;0;208;128;Mowe;x
1048;128;208;128;Mewud;x
1049;64;80;0;Kuksing;x
1050;192;208;1;Meojif;x
1051;192;80;1;Bachaboq;x
1052;192;16;64;Teokung;x
1053;192;144;65;Gotinat;x
1054;65;208;128;Niakin;x
1055;1;144;65;Ksokig;x
1056;64;80;128;Ineng;x
1057;1;208;65;Siochk;x
1058;35;0;220;Eou;x
1059;65;16;192;Nemiob;x
1060;223;224;160;Ksiksikh;x
1061;96;223;160;Geoimu;x
1062;223;96;160;Bohasi;x
1063;173;34;110;Guned;x
1064;35;36;110;Domud;x
1065;160;127;191;Momi;x
1066;104;1;74;Qori;x
1067;35;172;111;Qaradwoor;x
1068;126;76;76;Chiwyira;x
1069;208;0;32;Yuzhyou;x
1070;224;1;65;Chachrourf;x
1071;224;128;65;Zhrurg;x
1072;97;160;223;Zhigak;x
1073;97;128;192;Gureom;x
1074;160;96;223;Gaka;x
1075;104;34;110;Ksaki;x
1076;160;160;96;Zhroinyu;x
1077;35;34;255;Ksegat;x
1078;105;155;146;Zhururoi;x
1079;96;160;96;Riwyiyrou;x
1080;160;160;223;Yachk;x
1081;160;32;224;Guzhruy;x
1082;96;208;128;Zhravun;x
1083;224;81;128;Charf;x
1084;96;80;128;Uyri;x
1085;160;208;0;Yranyu;x
1086;223;160;96;Krazoiroun;x
1087;32;16;192;Oiru;x
1088;96;17;64;Vfouchk;x
1089;224;160;224;Noin;x
1090;155;198;155;Kroichk;x
1091;240;224;223;Vruva;x
1092;128;16;0;Zhruvoi;x
1093;192;207;128;Finyow;x
1094;1;17;65;Kwuw;x
1095;64;208;1;Ghaukho;x
1096;128;144;1;Okrouy;x
1097;48;32;144;Zhrouwroiy;x
1098;128;80;0;Yroruw;x
1099;0;80;0;Yanyoivu;x
1100;48;223;96;Vfuch;x
1101;49;97;224;Fouwrifuw;x
1102;0;143;191;Zazhru;x
1103;191;209;89;Chuni;x
1104;128;144;191;Chourg;x
1105;128;208;65;Yrag;x
1106;128;144;64;Rarg;x
1107;0;112;96;Vouzhuy;x
1108;96;80;160;Fuvvu;x
1109;160;16;223;Zhroivo;x
1110;128;176;160;Roiugumhaukh;x
1111;204;166;63;Ghaugoiuh;x
1112;191;48;223;Nichu;x
1113;192;176;224;Ghubheh;x
1114;128;112;223;Vrouw;x
1115;64;239;160;Vroi;x
1116;64;112;160;Yirg;x
1117;224;80;160;Zhirouy;x
1118;128;240;96;Najuh;x
1119;1;112;224;Hundharr;x
1120;94;75;130;Mhuinghuh;x
1121;192;240;160;Andhuspkh;x
1122;192;176;96;Thistraio;x
1123;65;176;224:Nuk:x
1124;64;48;224;Nhabhaumho;x
1125;65;176;96;Uibhi;x
1126;192;112;160;Bhoiur;x
1127;128;49;96;Oiukh;x
1128;192;49;96;Bhuspkh;x
1129;18;78;140;Aubha;x
1130;192;112;32;Noiug;x
1131;0;176;223;Bakhaur;x
1132;128;176;96;Nhoiukhoiur;x
1133;128;176;224;Bangher;x
1134;128;48;223;Roiunghe;x
1135;128;240;160;Nhauspkh;x
1136;1;48;224;Roiukhospkh;x
1137;1;176;96;Bhivaujukh;x
1138;1;240;160;Chaundhikhah;x
1139;64;112;32;Mhiga;x
1140;128;240;32;Mhekh;x
1141;128;112;160;Mhobaur;x
1142;1;112;160;Nhuiq;x
1143;202;204;73;Acho;x
1144;179;62;34;Boiunui;x
1145;1;240;32;Baundho;x
1146;65;49;160;Roiubhirr;x
1147;192;176;32;Hoiuchag;x
1148;192;240;224;Runghau;x
1149;128;112;32;Ghivo;x
1150;1;112;33;Naundhind;x
1151;48;144;160;Anau;x
1152;187;52;25;Bigo;x
1153;97;207;160;Ghaund;x
1154;119;129;55;Boiubhir;x
1155;176;144;160;Bhoiuchau;x
1156;128;49;33;Oiuchu;x
1157;176;208;160;Boiubhe;x
1158;0;176;33;Nhebhuh;x
1159;112;17;96;Raunoiukh;x
1160;176;17;160;Pior;x
1161;176;17;96;Babhokh;x
1162;80;90;224;Ondha;x
1163;112;81;32;Uiq;x
1164;70;134;38;Tiaser;x
1165;239;80;32;Moui;x
1166;112;81;159;Miorio;x
1167;112;208;32;Mhaundhekhoiu;x
1168;240;208;33;Ghoiug;x
1169;239;208;160;Nindhebher;x
1170;193;189;82;Rugui;x
1171;239;80;160;Bhoiundhoq;x
1172;112;208;160;Bhemho;x
1173;48;143;223;Rossou;x
1174;86;39;160;Prusous;x
1175;176;16;223;Fimong;x
1176;176;144;224;Ussessog;x
1177;48;16;224;Peingeig;x
1178;229;223;59;Bhibuq;x
1179;49;65;144;Iju;x
1180;176;143;96;Nhanavu;x
1181;70;86;220;Toube;x
1182;192;144;192;Stousu;x
1183;192;81;65;Patu;x
1184;69;223;220;Taiokio;x
1185;69;224;73;Piofou;x
1186;34;155;0;Ibei;x
1187;173;155;1;Stessi;x
1188;160;150;149;Trer;x
1189;89;155;157;Tissaiok;x
1190;44;81;151;Stouni;x
1191;138;224;220;Gouiagas;x
1192;65;80;64;Pagufu;x
1193;0;224;220;Seime;x
1194;191;16;191;Treiq;x
1195;192;208;64;Nofio;x
1196;1;17;192;Niopaks;x
1197;208;224;73;Remo;x
1198;138;86;220;Ibourg;x
1199;208;86;220;Giatu;x
1200;32;176;33;Kouks;x
1201;34;76;183;Tupenu;x
1202;173;52;37;Rioks;x
1203;90;44;151;Niari;x
1204;191;175;160;Giq;x
1205;128;17;192;Thouro;x
1206;192;112;96;Jodzq;x
1207;176;144;32;Taksu;x
1208;66;176;32;Kiokou;x
1209;33;48;160;Tmoz;x
1210;160;48;160;Jaju;x
1211;96;176;160;Baed;x
1212;64;240;96;Usiq;x
1213;240;64;122;Tmen;x
1214;192;239;96;Piogo;x
1215;64;240;224;Thaki;x
1216;64;240;89;Stufia;x
1217;160;176;32;Rastria;x
1218;32;176;160;Nuki;x
1219;223;48;160;Thoukaga;x
1220;64;112;224;Stapoug;x
1221;192;112;224;Dadiq;x
1222;64;112;96;Tesi;x
1223;185;67;175;Taiog;x
1224;33;112;33;Sengei;x
1225;67;185;159;Donig;x
1226;33;240;32;Joq;x
1227;128;240;224;Chouso;x
1228;224;49;33;Uqim;x
1229;185;67;89;Jeuq;x
1230;160;176;160;Gijo;x
1231;112;105;64;Daizo;x
1232;143;84;64;Tmoz;x
1233;160;112;32;Touksou;x
1234;160;240;160;Thout;x
1235;96;112;32;Niogft;x
1236;224;239;160;Onbufug;x
1237;224;112;32;Beres;x
1238;73;51;127;Eijousoung;x
1239;176;80;223;Omoji;x
1240;97;240;160;Ringeiq;x
1241;97;112;160;Doumu;x
1242;224;112;160;Troneiq;x
1243;17;112;33;Kouneig;x
1244;51;127;108;Teiji;x
1245;208;176;160;Isi;x
1246;160;49;96;Feiq;x
1247;33;176;96;Doun;x
1248;80;176;160;Dito;x
1249;17;240;32;Bzusgitmn;x
1250;224;176;160;Iob;x
1251;208;176;223;Gon;x
1252;226;233;43;Trer;x
1253;239;80;96;Faig;x
1254;17;112;96;Sounguso;x
1255;48;176;160;Trurg;x
1256;111;17;112;Chemo;x
1257;144;112;96;Domig;x
1258;160;48;224;Penou;x
1259;176;49;33;Trerou;x
1260;96;48;223;Rijou;x
1261;208;49;160;Tiusos;x
1262;160;168;224;Qofeu;x
1263;80;49;160;Tminbo;x
1264;224;240;33;Botmn;x
1265;96;49;160;Tog;x
1266;224;176;32;Zaif;x
1267;1;240;224;Gioa;x
1268;97;240;33;Fuvya;x
1269;240;81;223;Rachuny;x
1270;52;106;80;Zuva;x
1271;112;208;224;Buoth;x
1272;239;208;223;Ibae;x
1273;144;112;33;Nyeri;x
1274;208;176;33;Nyaemb;x
1275;144;48;32;Butuo;x
1276;16;176;33;Buetogghog;x
1277;208;49;32;Tigghae;x
1278;116;86;71;Rimuoruemf;x
1279;17;112;160;Reny;x
1280;144;240;32;Juonyaeh;x
1281;81;176;33;Ora;x
1282;102;51;127;Guorib;x
1283;208;112;32;Fuatu;x
1284;144;176;160;Tuhaeh;x
1285;80;112;32;Huaguog;x
1286;80;240;32;Fuad;x
1287;144;240;160;Rohuo;x
1288;112;80;96;Fuomn;x
1289;96;176;33;Tigghuny;x
1290;49;81;96;Noghae;x
1291;176;208;96;Famaeth;x
1292;48;208;96;Maeth;x
1293;176;80;96;Bmaen;x
1294;49;81;224;Nuammuaj;x
1295;240;17;96;Nin;x
1296;49;208;224;Baeaere;x
1297;176;208;224;Nyohuar;x
1298;144;176;33;Bujh;x
1299;144;49;160;Ruem;x
1300;17;176;160;Rafemf;x
1301;17;49;160;Begghuh;x
1302;208;112;160;Bzar;x
1303;81;240;160;Zanem Ij;x
1304;16;176;96;Heir;x
1305;144;112;160;Esam;x
1306;17;240;160;Ochysko;x
1307;207;240;32;Guj;x
1308;81;112;160;Hut;x
1309;160;32;80;Szube;x
1310;160;33;208;Dnej;x
1311;32;160;80;Bazta;x
1312;171;173;177;Zoshfta;x
1313;144;48;96;Chufk;x
1314;42;96;179;Madho;x
1315;105;96;73;Uguja;x
1316;208;240;160;Pob;x
1317;160;160;80;Ibazoj;x
1318;33;33;208;Bezachys;x
1319;33;160;208;Fisat;x
1320;176;48;160;Gokuk;x
1321;160;160;208;Ghog;x
1322;223;32;80;Zabu;x
1323;205;208;160;Dneu;x
1324;96;32;80;Poneru;x
1325;149;170;163;Vahu;x
1326;33;48;96;Vuh;x
1327;96;80;33;Nannuttu;x
1328;224;176;224;Dnus;x
1329;96;176;223;Ghasd;x
1330;176;176;160;Buzob;x
1331;16;112;224;Jujuho;x
1332;177;51;48;Nab;x
1333;207;112;96;Gubu;x
1334;61;181;169;Noheth;x
1335;36;151;231;Vehes;x
1336;57;113;57;Joth;x
1337;144;112;223;Rajug;x
1338;144;239;223;Rohuth;x
1339;144;239;96;Jegh;x
1340;116;116;41;Huttag;x
1341;207;239;223;Yejannuv;x
1342;215;166;72;Deo;x
1343;208;239;96;Vap;x
1344;149;142;153;Zumebun;x
1345;17;240;96;Dnap;x
1346;16;175;224;Gukus;x
1347;32;223;208;Ghub;x
1348;153;161;192;Tojvak;x
1349;48;239;32;Muk;x
1350;112;112;32;Fesd;x
1351;144;48;223;Fusd;x
1352;33;96;207;Szik;x
1353;80;112;224;Dechys;x
1354;208;112;223;Vanan;x
1355;80;112;96;Pus;x
1356;176;176;32;Jed;x
1357;176;112;32;Hegh;x
1358;180;128;151;Deso;x
1359;92;48;112;Fonez;x
1360;49;48;160;Dedi;x
1361;176;239;32;Fibuha;x
1362;176;239;160;Tur Mak;x
1363;48;239;160;Zapeguk;x
1364;239;239;32;Zezbo;x
1365;239;112;32;Sepa;x
1366;112;240;33;Tabob;x
1367;192;1;176;Ganisd;x
1368;112;112;160;Muchys;x
1369;240;229;49;Jochyskog;x
1370;240;176;160;Dnar;x
1371;112;176;159;Tehu;x
1372;240;49;160;Ov Juttepht;x
1373;159;112;176;Ettuhog;x
1374;48;112;32;Hobu;x
1375;176;112;160;Ava;x
1376;48;112;160;Pua;x
1377;239;48;96;Ngug;x
1378;192;128;176;Szuj;x
1379;112;176;96;Nuzsis;x
1380;33;127;104;Bettu;x
1381;0;192;176;Odugh;x
1382;64;128;176;Vuhakh;x
1383;71;75;11;Rugath;x
1384;192;1;48;Runna;x
1385;118;84;109;Odeg;x
1386;128;128;176;Yagu;x
1387;200;76;76;Gad;x
1388;8;103;59;Ruvo;x
1389;128;0;176;Ngoth;x
1390;0;128;176;Dnuchys;x
1391;128;192;176;Rikou;x
1392;160;96;208;Nywat;x
1393;128;1;112;Swin;x
1394;1;65;176;Yesy;x
1395;128;65;176;San;x
1396;118;54;70;Dacharch;x
1397;128;128;112;Vum;x
1398;110;211;158;Sah;x
1399;143;188;244;Fikwat;x
1400;211;166;110;Jess;x
1401;96;33;208;Pwasy;x
1402;145;176;1;Zhkaudhri;x
1403;98;143;155;Swo;x
1404;122;77;200;Achakwur;x
1405;160;223;208;Mrap;x
1406;97;97;80;Joyi;x
1407;223;96;80;Omkokat;x
1408;121;166;110;Dhoung;x
1409;96;224;80;Reaau;x
1410;233;98;244;Sinywumo;x
1411;224;160;240;Guzhu;x
1412;49;144;96;Sengau;x
1413;113;211;146;Chiezhie;x
1414;160;223;239;Thothos;x
1415;161;46;209;Trag;x
1416;209;157;46;Get;x
1417;160;96;112;Zhezko;x
1418;32;96;239;Dhrokekshiedh;x
1419;32;223;112;Front;x
1420;160;96;240;Obwa;x
1421;160;224;112;Sew;x
1422;143;143;222;Mgokibwa;x
1423;233;233;132;Nokh;x
1424;155;122;77;Krant;x
1425;1;128;112;Blerch;x
1426;77;211;110;Mjut;x
1427;166;122;110;Nggubosy;x
1428;166;211;110;Mosar;x
1429;77;77;155;Nyah;x
1430;177;77;88;Dhinja;x
1431;122;77;155;Mshet;x
1432;122;166;155;Mass;x
1433;128;128;240;Ukwa;x
1434;122;77;244;Atty;x
1435;192;1;112;Kow;x
1436;88;166;88;Mnyo;x
1437;144;128;16;Hoss;x
1438;223;223;240;Weh;x
1439;144;128;144;Gakah;x
1440;144;0;144;Gunt;x
1441;16;128;144;Mguta;x
1442;16;0;144;Gumya;x
1443;105;146;69;Hrnid;x
1444;146;145;69;Wibu;x
1445;207;138;152;Bupi;x
1446;127;69;146;Renggwo;x
1447;122;122;110;Jayibdu;x
1448;255;118;108;Msosy;x
1449;211;166;155;Mbwarch;x
1450;77;211;155;Sass;x
1451;146;69;76;Jekh;x
1452;175;240;1;Mus;x
1453;211;181;77;Jejai;x
1454;211;77;244;Ygain;x
1455;176;240;224;Dzuoz;x
1456;112;112;97;Arch;x
1457;49;240;224;Krumte;x
1458;176;240;176;Joz;x
1459;95;95;207;Joje;x
1460;128;1;240;Ydounag;x
1461;240;1;226;Dhrau;x
1462;240;1;74;Tuazhdu;x
1463;1;128;240;Jia;x
1464;153;208;48;Vauz;x
1465;243;155;1;Jayk;x
1466;104;18;146;Vaiy;x
1467;255;255;35;Zhkihw;x
1468;173;18;146;Ngan;x
1469;35;18;146;Thiethdun;x
1470;112;48;160;Zhkua;x
1471;84;144;81;Vouhw;x
1472;208;81;1;Deswe;x
1473;16;144;128;Wruot;x
1474;144;81;128;Dhamit;x
1475;144;81;87;Eza;x
1476;224;113;97;Mrefua;x
1477;81;87;144;Rierif;x
1478;81;81;1;Maf;x
1479;97;208;1;Kok;x
1480;224;81;1;Khroush;x
1481;112;144;1;Bayz;x
1482;176;144;128;Wiech;x
1483;160;240;224;Wruaztie;x
1484;240;112;96;Vak;x
1485;112;112;224;Mref;x
1486;224;112;224;Gead;x
1487;112;240;96;Zkimmauv;x
1488;224;48;96;Mrozkuo;x
1489;160;144;128;Chemom;x
1490;32;48;224;Chihwo;x
1491;143;94;81;Zent;x
1492;144;144;128;Fruazka;x
1493;176;176;97;Dokofrie;x
1494;240;112;224;Zhek;x
1495;240;176;97;Zieth;x
1496;176;49;97;Tasha;x
1497;141;106;30;Tzet;x
1498;176;49;224;Jeyvag;x
1499;48;176;224;Joubbak;x
1500;49;176;97;Kouj;x
1501;49;49;224;Tsayeg;x
1502;240;240;160;Tijay;x
1503;240;113;160;Dzeed;x
1504;113;49;224;Zoojud;x
1505;144;144;0;Goru;x
1506;224;240;96;Qezuru;x
1507;16;144;0;Adzodz;x
1508;144;208;128;Shroash;x
1509;128;17;144;Dzoshdzeereend;x
1510;144;144;65;Dibo;x
1511;17;17;192;Dzur;x
1512;144;17;89;Qedz;x
1513;108;192;140;Choz;x
1514;17;47;144;Bek;x
1515;17;144;192;Ruzh;x
1516;144;16;64;Souz;x
1517;80;144;64;Tzoukh;x
1518;16;16;64;Gaynai;x
1519;144;16;192;Tayb;x
1520;208;16;64;Tadhaig;x
1521;80;16;192;Ytairay;x
1522;208;208;128;Ytatai;x
1523;80;144;192;Tsout;x
1524;208;80;128;Rayb;x
1525;208;144;192;Tsouog;x
1526;16;80;64;Tsain;x
1527;80;80;128;Ydeto;x
1528;24;111;67;Frez;x
1529;208;16;192;Hwauthde;x
1530;176;176;224;Min;x
1531;210;121;155;Reazi;x
1532;160;81;1;Zoshez;x
1533;224;17;1;Riyog;x
1534;224;144;128;Kouavan;x
1535;97;144;1;Boush;x
1536;33;240;224;Taszer;x
1537;208;147;17;Hum;x
1538;176;17;1;Mriez;x
1539;97;240;97;Voweg;x
1540;48;16;0;Dhreamiv;x
1541;208;208;192;Dzifemn;x
1542;17;208;128;Dhok;x
1543;81;208;192;Shrochi;x
1544;17;165;208;Zkiet;x
1545;96;240;224;Zhkiem;x
1546;96;112;96;Thakuod;x
1547;16;16;128;Vosh;x
1548;208;208;0;Shruthde;x
1549;80;208;128;Jota;x
1550;96;112;224;Borayv;x
1551;80;208;0;Yeda;x
1552;33;208;1;Jebko;x
1553;33;81;128;Kayve;x
1554;160;81;98;Yij;x
1555;160;81;128;Eowug;x
1556;32;176;224;Dugjaej;x
1557;160;176;224;Guepab;x
1558;96;48;96;Uechyhji;x
1559;80;144;128;Hinye;x
1560;69;146;100;Chomno;x
1561;208;16;128;Noon;x
1562;208;16;0;Charm;x
1563;197;94;116;Dzerzu;x
1564;225;151;8;Bhrahshe;x
1565;224;17;128;Qor;x
1566;81;81;192;Chim;x
1567;80;208;64;Zrein;x
1568;17;81;128;Hrnibe;x
1569;186;161;211;Bub;x
1570;144;208;1;Roashb;x
1571;207;80;191;Zanzo;x
1572;231;90;53;Zrozrb;x
1573;113;240;160;Hrneinzuhshi;x
1574;208;144;65;Bhroahsheshbei;x
1575;112;48;96;Shruzrd;x
1576;144;144;192;Mnom;x
1577;208;144;0;Pon;x
1578;96;224;213;Dzoob;x
1579;144;16;128;Nid;x
1580;120;120;82;Shreshb;x
1581;80;144;0;Cheepeedz;x
1582;96;176;96;Papuen;x
1583;224;240;224;Tguk;x
1584;144;16;0;Hunans;x
1585;115;86;136;Piehis;x
1586;224;176;96;Dguhta;x
1587;160;112;96;Tgure;x
1588;32;240;96;Ngerang;x
1589;32;112;224;Dkaenkta;x
1590;32;112;96;Tsaetsu;x
1591;160;112;160;Ngut;x
1592;31;240;159;Dgeutk;x
1593;223;48;223;Knutsk;x
1594;160;240;32;Saehtaed;x
1595;160;16;0;Kahksta;x
1596;192;208;192;Rurahtska;x
1597;160;176;96;Tneugktu;x
1598;32;112;160;Dats;x
1599;32;144;128;Tnang;x
1600;96;16;0;Pifaf;x
1601;144;176;96;Toesuemun;x
1602;48;176;32;Goesa;x
1603;16;48;224;Abtusfo;x
1604;48;144;0;Tguep;x
1605;91;233;198;Toed;x
1606;171;91;233;Huhuehugst;x
1607;176;16;128;Hospmue;x
1608;176;144;0;Tgiehonoeh;x
1609;48;144;128;Hgaed;x
1610;63;128;16;Enae;x
1611;48;16;128;Pehue;x
1612;224;208;1;Upies;x
1613;205;205;238;Hummed;x
1614;144;81;1;Iespmas;x
1615;72;1;144;Puedh;x
1616;208;144;128;Fanae;x
1617;17;81;1;Oebedh;x
1618;33;81;1;Baepoet;x
1619;240;16;0;Huvah;x
1620;96;81;1;Tganae;x
1621;112;17;1;Nasfaeb;x
1622;33;208;128;Tgueboemmueb;x
1623;160;208;128;Huespmi;x
1624;48;80;0;Hgehas;x
1625;240;17;128;Gop;x
1626;112;17;128;Nujo;x
1627;240;144;1;Puegst;x
1628;176;80;0;Chep;x
1629;112;144;128;Rushdzeen;x
1630;112;239;192;Garoshed;x
1631;240;144;128;Toep;x
1632;155;168;181;Dzeda;x
1633;48;80;128;Gafuf;x
1634;49;208;0;Abab;x
1635;48;208;128;Umi;x
1636;176;208;0;Nimo;x
1637;176;208;128;Godza;x
1638;113;81;1;Peju;x
1639;17;81;192;Noor;x
1640;240;80;1;Chishud;x
1641;162;135;176;Gisha;x
1642;160;144;192;Khetsk;x
1643;160;17;192;Tgaheng;x
1644;32;144;192;Tgaeng;x
1645;239;144;192;Khaes;x
1646;48;208;64;Eutskahskant;x
1647;176;208;64;Rakha;x
1648;136;89;95;Kaha;x
1649;239;144;64;Tangku;x
1650;71;133;153;Dennatskug;x
1651;112;16;192;Tnatka;x
1652;240;17;192;Knesae;x
1653;112;144;64;Knedae;x
1654;128;1;17;Reunt;x
1655;176;208;192;Satkeu;x
1656;97;66;135;Knens;x
1657;112;80;64;Tseutk;x
1658;48;80;64;Nodb;x
1659;112;208;64;Taggu;x
1660;112;207;0;Redze;x
1661;240;208;0;Noop;x
1662;112;208;128;Tahke;x
1663;239;80;128;Doshumno;x
1664;112;80;128;Qedz;x
1665;239;208;64;Ahka;x
1666;144;208;64;Tgaetkas;x
1667;240;80;64;Amno;x
1668;176;144;192;Qojar;x
1669;240;16;64;Rag;x
1670;176;17;192;Ngeukntug;x
1671;49;144;192;Mazu;x
1672;224;208;128;Ipodza;x
1673;112;16;64;Dzuna;x
1674;112;144;192;Goshez;x
1675;48;80;192;Eedaz;x
1676;49;208;192;Eshoo;x
1677;176;80;192;Oodzend;x
1678;240;240;97;Qemnar;x
1679;240;208;128;Zond;x
1680;96;176;64;Chamee;x
1681;250;226;187;Tgeuketske;x
1682;160;240;64;Bab;x
1683;96;48;192;Zood;x
1684;223;48;192;Dumneerm;x
1685;223;48;64;Zarza;x
1686;32;176;192;Denna;x
1687;160;176;192;Gope;x
1688;223;176;64;Bebo;x
1689;202;159;117;Bop;x
1690;223;112;64;Dide;x
1691;88;148;155;Gurm;x
1692;224;112;192;Gaznpee;x
1693;96;239;64;Mnib;x
1694;223;239;64;Peju;x
1695;96;48;128;Choorzi;x
1696;158;88;46;Dhreih;x
1697;160;239;192;Deirb;x
1698;176;150;191;Bebhdoa;x
1699;96;112;192;Dhroazd;x
1700;32;239;64;Ushoo;x
1701;128;144;223;Deez;x
1702;0;144;160;Nebeepi;x
1703;126;82;147;Ruju;x
1704;223;176;192;Bed;x
1705;62;104;136;Zeid;x
1706;167;94;120;Hoan;x
1707;32;112;64;Shabhdoarsho;x
1708;128;80;160;Shrenzoa;x
1709;0;80;160;Bhroabur;x
1710;1;208;160;Hrnurdhir;x
1711;160;240;128;Zehe;x
1712;64;80;160;Shbazrd;x
1713;32;239;128;Ardho;x
1714;160;239;128;Zebird;x
1715;160;112;64;Jooshu;x
1716;96;112;1;Pooshdzur;x
1717;176;240;192;Ujoode;x
1718;144;208;160;Qudb;x
1719;128;144;96;Neeb;x
1720;160;112;192;Mnend;x
1721;144;208;32;Garzore;x
1722;49;240;192;Jooq;x
1723;208;239;64;Taen;x
1724;1;17;224;Mnab;x
1725;128;208;160;Reem;x
1726;152;140;8;Bare;x
1727;123;152;66;Dashdzam;x
1728;192;80;32;Qosho;x
1729;191;208;33;Dyaugg;x
1730;64;208;33;Poodb;x
1731;192;80;160;Reeju;x
1732;128;16;224;Durm;x
1733;64;207;160;Qeep;x
1734;192;208;160;Pedu;x
1735;64;208;224;Rejo;x
1736;160;16;32;Odhba;x
1737;32;144;32;Nibeepi;x
1738;160;144;32;Choshod;x
1739;144;208;96;Qodz;x
1740;230;232;76;Deri;x
1741;1;144;224;Nujo;x
1742;128;16;96;Jesheesho;x
1743;17;208;160;Gend;x
1744;233;180;87;Ryayfsaaf;x
1745;192;144;96;Redza;x
1746;32;80;160;Cheq;x
1747;208;80;224;Zom;x
1748;80;208;224;Izoo;x
1749;64;144;96;Zeeshum;x
1750;80;17;224;Hun;x
1751;160;208;32;Njinye;x
1752;32;207;32;Mress;x
1753;160;80;32;Garoshed;x
1754;224;208;33;Bowa;x
1755;192;16;96;Dzeda;x
1756;70;75;138;Abab;x
1757;96;80;224;Duwa;x
1758;176;17;33;Nimo;x
1759;32;208;160;Doutbon;x
1760;108;88;144;Godza;x
1761;208;208;224;Chishud;x
1762;80;208;96;Nent;x
1763;80;80;224;Gisha;x
1764;17;208;224;Djour;x
1765;160;80;160;Hkaku;x
1766;176;80;32;Gauhaags;x
1767;208;208;96;Nodb;x
1768;77;32;144;Redze;x
1769;68;112;45;Ipodza;x
1770;144;103;32;Hkaakya;x
1771;112;144;32;Hyiehyvid;x
1772;144;143;32;Hieka;x
1773;160;239;0;Fuvyka;x
1774;126;90;99;Rygaas;x
1775;112;48;192;Rykiyaasrv;x
1776;176;112;192;Ghaudirf;x
1777;176;48;64;Tutyau;x
1778;240;240;65;Ryksauyfsaav;x
1779;239;48;64;Rygaavka;x
1780;112;112;64;Rausa;x
1781;223;239;192;Ieva;x
1782;72;130;180;Huhyaa;x
1783;188;255;181;Khrad;x
1784;239;48;192;Ryafa;x
1785;176;112;64;Hyvaf;x
1786;31;24;123;Ghagrsk;x
1787;123;66;24;Kautyaar;x
1788;101;108;100;Tyksavaa;x
1789;38;123;24;Ryakur;x
1790;239;175;192;Graas;x
1791;48;112;65;Ryksauhvaav;x
1792;48;239;64;Hyiev;x
1793;176;239;64;Git;x
1794;113;105;224;Hyvaafksat;x
1795;9;102;110;Khrauvaa;x
1796;112;112;191;Hykauhyusk;x
1797;144;17;33;Rykaavks;x
1798;144;144;160;Hkuyau;x
1799;16;144;32;Dyivkika;x
1800;240;239;191;Kyrif;x
1801;239;176;64;Ryksafrie;x
1802;112;175;64;Hykietyaahyar;x
1803;240;112;192;Hkurf;x
1804;160;131;17;Ryksaukaakyrsi;x
1805;113;240;65;Tyadaavrau;x
1806;240;113;65;Hyaks;x
1807;209;240;65;Hyiegyrsie;x
1808;80;81;160;Hkaavsk;x
1809;17;144;96;Gyrivrsk;x
1810;207;80;160;Daataa;x
1811;80;208;159;Gaaf;x
1812;208;208;160;Gyakie;x
1813;143;80;223;Dzuna;x
1814;17;81;223;Ouir;x
1815;174;174;217;Thodont;x
1816;17;16;224;Huhrumif;x
1817;208;144;224;Goshez;x
1818;128;160;208;Eedaz;x
1819;208;144;160;Eshoo;x
1820;80;144;160;Tohour;x
1821;94;144;107;Ouzu;x
1822;144;81;96;Djadt;x
1823;192;160;80;Megha;x
1824;208;144;33;Odumsi;x
1825;208;17;223;Forob;x
1826;80;144;224;Hate;x
1827;126;6;0;Dughu;x
1828;223;222;155;Thefor;x
1829;6;0;126;Deti;x
1830;32;106;45;Timso;x
1831;106;84;32;Bouthouigga;x
1832;224;160;144;Kimiht;x
1833;0;126;0;Mhouimsi;x
1834;240;144;33;Tuthe;x
1835;208;144;96;Thouwu;x
1836;112;17;160;Djoi;x
1837;240;17;160;Thof;x
1838;160;184;0;Konou;x
1839;208;80;96;Bouith;x
1840;128;96;208;Otem;x
1841;17;208;96;Mhum;x
1842;80;81;96;Douif;x
1843;1;224;208;Ute;x
1844;64;160;80;Rajom;x
1845;128;96;80;Batou;x
1846;160;33;17;Mhidt;x
1847;92;0;126;Mhewou;x
1848;153;112;160;Fouht;x
1849;112;144;160;Kunoth;x
1850;112;160;114;Dufou;x
1851;160;126;112;Rykaug;x
1852;223;32;144;Dauyrsisrf;x
1853;192;64;224;Aahiryisrk;x
1854;224;102;64;Raht;x
1855;215;224;64;Djatbuzont;x
1856;240;144;160;Mhouifa;x
1857;97;160;144;Dezount;x
1858;159;160;97;Touigit;x
1859;65;224;208;Eodt;x
1860;191;223;207;Kiegyrsaar;x
1861;224;64;147;Djizot;x
1862;132;132;55;Bago;x
1863;64;188;224;Siesrv;x
1864;192;96;208;Kyraurv;x
1865;65;96;208;Tuks;x
1866;175;8;0;Amou;x
1867;32;97;17;Mhouin;x
1868;223;97;17;Toage;x
1869;33;32;144;Mhouf;x
1870;191;224;80;Djaht;x
1871;96;96;17;Nofur;x
1872;160;224;144;Refam;x
1873;32;224;144;Ghurv;x
1874;198;165;203;Taafraavsk;x
1875;64;224;80;Gyausrv;x
1876;176;176;192;Rukv;x
1877;48;176;64;Hugo;x
1878;90;98;125;Maw;x
1879;48;112;192;Zobda;x
1880;32;0;208;Mfakusy;x
1881;108;143;114;Nchunah;x
1882;129;64;160;Inchent;x
1883;160;64;80;Aop;x
1884;96;128;80;Nggibom;x
1885;143;149;140;Nzumru;x
1886;136;62;133;Pem;x
1887;223;128;80;Mche;x
1888;77;80;32;Mstet;x
1889;85;101;125;Zem;x
1890;161;126;185;Deh;x
1891;114;135;146;Swiku;x
1892;32;191;207;Swo;x
1893;160;191;80;Ndep;x
1894;160;191;207;Shasu;x
1895;224;64;80;Ata;x
1896;32;64;208;Poh;x
1897;118;99;109;Zeg;x
1898;96;192;80;Swont;x
1899;224;192;80;Mvig;x
1900;159;64;208;Mstet;x
1901;128;33;144;Prarch;x
1902;17;144;160;Mtimar;x
1903;144;17;160;Mzanggont;x
1904;219;138;158;Gaffa;x
1905;96;64;208;Mvess;x
1906;229;145;216;Hur;x
1907;128;33;17;Mkent;x
1908;133;4;230;Kupu;x
1909;108;128;100;Zah;x
1910;97;192;208;Man;x
1911;224;192;208;Hinseo;x
1912;209;70;113;Dhore;x
1913;194;224;192;Mstindah;x
1914;212;181;255;Pasit;x
1915;119;128;17;Nzot;x
1916;214;215;132;Aincha;x
1917;64;109;155;Nyut;x
1918;141;10;90;Eju;x
1919;1;160;17;Dur;x
1920;128;160;17;Mshumu;x
1921;1;33;144;Mjop;x
1922;200;200;166;Foh;x
1923;1;224;17;Chukwa;x
1924;128;96;16;Thint;x
1925;64;96;16;Ndur;x
1926;1;160;144;Jon;x
1927;128;223;144;Sekum;x
1928;235;252;181;Jakh;x
1929;207;17;160;Tent;x
1930;179;219;230;Tug;x
1931;1;96;144;Hor;x
1932;1;160;80;Mfeya;x
1933;147;99;74;Usy;x
1934;128;96;144;Mvatty;x
1935;128;160;144;Ndirnem;x
1936;192;224;144;Mkup;x
1937;64;96;144;Mshag;x
1938;192;97;16;Swidew;x
1939;128;54;146;Nyukut;x
1940;64;223;17;Bagistan;x
1941;65;223;144;Pitsaa;x
1942;144;144;224;Miirnur;x
1943;192;96;144;Angii;x
1944;192;224;17;Uurngiik;x
1945;16;144;224;Baankaa;x
1946;3;132;169;Viqquu;x
1947;81;208;32;Dumuu;x
1948;133;133;67;Vaap;x
1949;208;17;96;Padug;x
1950;144;17;224;Sirpaa;x
1951;208;17;32;Usuu;x
1952;80;144;96;Kanguqsa;x
1953;207;208;33;Babi;x
1954;192;32;80;Iirmankaa;x
1955;144;32;137;Giiv;x
1956;128;159;80;Jaaniik;x
1957;52;32;128;Hippi;x
1958;208;196;213;Uummut;x
1959;1;33;208;Juutqaa;x
1960;91;128;32;Duk;x
1961;128;32;80;Nguuq;x
1962;128;33;208;Qaataa;x
1963;255;212;63;Qaatii;x
1964;86;106;137;Ngag;x
1965;192;32;16;Siit;x
1966;1;160;208;Kaqka;x
1967;192;160;208;Hiik;x
1968;64;160;208;Danat;x
1969;64;96;81;Gituu;x
1970;33;167;144;Diimuu;x
1971;64;33;208;Niikniirrud;x
1972;192;32;144;Kaaup;x
1973;64;32;144;Iiqtiid;x
1974;141;32;192;Daaggaa;x
1975;192;160;144;Baaip;x
1976;64;160;144;Jaas;x
1977;177;177;99;Nginid;x
1978;128;224;240;Dirkkuu;x
1979;33;128;17;Biggu;x
1980;130;118;122;Nguqian;x
1981;1;96;17;Unaa;x
1982;192;96;112;Iiqsiiq;x
1983;129;20;38;Sittut;x
1984;16;126;73;Inuu;x
1985;162;211;132;Ngiisus;x
1986;144;128;112;Jinu;x
1987;120;82;141;Kiknukpiq;x
1988;16;94;126;Taatquu;x
1989;176;33;16;Gar;x
1990;33;160;48;Iippi;x
1991;160;160;48;Huvir;x
1992;128;224;208;Itsaa;x
1993;192;96;240;Hujaav;x
1994;65;224;240;Uvir;x
1995;192;32;207;Mav;x
1996;1;96;208;Ngistaa;x
1997;134;112;113;Aammii;x
1998;1;224;80;Aagi;x
1999;207;160;231;Guuk;x
2000;64;96;112;Disa;x
2001;240;0;23;Fijos;x
2002;240;136;0;Pat;x
2003;80;192;48;Pejes;x
2004;128;96;240;Wcfcf;x
2005;0;223;240;Sipd;x
2006;57;105;127;Ptudg;x
2007;192;223;112;Khito;x
2008;0;107;240;Ruwosc;x
2009;240;215;0;Chewta;x
2010;113;240;0;Pifi;x
2011;191;224;239;Ttapjanm;x
2012;160;32;49;Mfjagsatpja;x
2013;164;48;224;Ttagsakhs;x
2014;64;96;240;Jatpjaspt;x
2015;48;222;224;Traphjabbatg;x
2016;160;224;48;Dtajjaphjabb;x
2017;152;152;197;Athafchfatg;x
2018;210;224;48;Dfjagsatg;x
2019;224;160;16;Psajjabb;x
2020;101;48;160;Wmafchfanm;x
2021;160;156;48;Ttaappht;x
2022;32;96;96;Wmaphjaggchath;x
2023;145;48;160;Gtjajjaz;x
2024;160;160;144;Atpjasb;x
2025;53;103;119;Jasksapja;x
2026;32;159;16;Ttathaspt;x
2027;14;99;42;Chaphjakhs;x
2028;224;33;17;Mhmafchfabb;x
2029;33;160;144;Dtagsathath;x
2030;160;33;144;Trajjakhs;x
2031;160;160;17;Gtjabbaggcha;x
2032;153;109;98;Gtjapjajjappht;x
2033;158;159;87;Trathajjakhs;x
2034;128;223;80;Dtagsatg;x
2035;80;147;223;Ptjapjafchfakhs;x
2036;96;33;175;Whafchfajjasb;x
2037;224;217;32;Athammapjp;x
2038;96;160;175;Mjhmaasb;x
2039;160;96;48;Dtathatha;x
2040;33;224;48;Ttammabba;x
2041;58;125;63;Wmathakhs;x
2042;224;160;176;Gtjagsappht;x
2043;120;87;95;Dtaphjaspt;x
2044;97;33;143;Mfjafchfappht;x
2045;224;32;48;Athajs;x
2046;32;96;48;Ammathanm;x
2047;223;160;48;Trathakhs;x
2048;224;32;176;Psasksatg;x
2049;48;131;208;Jasksasksa;x
2050;48;64;208;Ttafchfafchfanm;x
2051;208;96;16;Mhmafchfamma;x
2052;208;112;48;Dtasksakhs;x
2053;63;48;208;Thatpjaspt;x
2054;165;48;208;Wmaann;x
2055;48;208;153;Dfjathaspt;x
2056;208;48;131;Whammatha;x
2057;144;224;144;Whagsasb;x
2058;116;208;48;Dtapjafchfaspt;x
2059;48;176;208;Mfjasksarz;x
2060;159;224;176;Jasksanm;x
2061;17;224;144;Ammapjp;x
2062;201;208;0;Dfjapjath;x
2063;32;224;176;Afchfarz;x
2064;52;208;48;Whathagsa;x
2065;48;208;127;Ttagsaz;x
2066;100;33;176;Whabbajja;x
2067;33;96;176;Chabbabbatg;x
2068;158;72;163;Aggchagsath;x
2069;207;183;50;Aepiesa;x
2070;91;160;17;Asfo;x
2071;17;91;160;Epoe;x
2072;144;160;17;Uemae;x
2073;144;33;17;Fofieg;x
2074;113;192;208;Tgetes;x
2075;176;65;208;Oefahe;x
2076;240;192;208;Nanue;x
2077;146;80;102;Hapa;x
2078;176;192;80;Pagadh;x
2079;176;64;80;Uefae;x
2080;96;119;103;Aevoe;x
2081;96;1;208;Hgiehiefaedh;x
2082;49;192;208;Nied;x
2083;128;49;208;Atue;x
2084;48;192;80;Fabif;x
2085;176;192;208;Hgipa;x
2086;240;192;80;Uepae;x
2087;130;99;118;Oemigst;x
2088;239;65;80;Hapue;x
2089;176;96;80;Paeshejg;x
2090;48;96;80;Buebaej;x
2091;49;224;80;Fabtued;x
2092;176;224;80;Muefue;x
2093;112;192;80;Notu;x
2094;239;64;207;Tgen;x
2095;65;192;240;Hemmoes;x
2096;49;96;208;Gjumeoj;x
2097;176;96;207;Jeopajub;x
2098;176;223;208;Paed;x
2099;48;224;207;Kyeba;x
2100;112;96;80;Hoedh;x
2101;204;196;215;Pgegst;x
2102;83;101;223;Aefae;x
2103;197;177;175;Ospmas;x
2104;240;96;80;Suewijg;x
2105;144;33;144;Sogun;x
2106;208;33;144;Piet;x
2107;208;160;16;Nyegju;x
2108;127;101;8;Nibue;x
2109;208;32;17;Oemma;x
2110;80;160;17;Deshdzin;x
2111;17;160;144;Jojoodb;x
2112;133;105;95;Zeedz;x
2113;65;192;112;Geshdzen;x
2114;144;160;144;Eper;x
2115;80;160;144;Medee;x
2116;16;167;223;Jeznpushud;x
2117;201;16;223;Roop;x
2118;176;182;74;Chushedz;x
2119;16;50;223;Ban;x
2120;224;197;48;Jiwo;x
2121;223;96;176;Hechyhju;x
2122;6;156;13;Pinit;x
2123;96;108;224;Pgit;x
2124;224;96;223;Haeh;x
2125;208;224;144;Pjaew;x
2126;214;144;224;Nuep;x
2127;96;224;176;Jib;x
2128;91;92;34;Gepo;x
2129;12;78;181;Kujg;x
2130;12;181;86;Nonjo;x
2131;48;32;208;Pjae;x
2132;181;118;12;Gamed;x
2133;181;16;12;Peow;x
2134;144;160;128;Jyenu;x
2135;56;87;25;Buenjed;x
2136;32;239;1;Gugi;x
2137;223;80;192;Nin;x
2138;32;80;64;Owon;x
2139;33;170;157;Kijnd;x
2140;96;208;192;Tzouj;x
2141;223;208;192;Ytadhai;x
2142;0;48;128;Dadoun;x
2143;128;48;128;Kokou;x
2144;128;176;1;Tzor;x
2145;96;80;192;Yteo;x
2146;169;134;32;Thrik;x
2147;0;176;1;Redz;x
2148;76;155;77;Zuam;x
2149;128;48;192;Vizh;x
2150;80;239;128;Thedhon;x
2151;192;48;1;Druas;x
2152;128;176;128;Dhuza;x
2153;64;48;128;Chaum;x
2154;0;176;128;Mezhauw;x
2155;192;176;1;Dezhduoch;x
2156;192;176;128;Seshethdua;x
2157;0;112;1;Fuog;x
2158;155;137;35;Zhkun;x
2159;80;48;128;Uow;x
2160;80;176;128;Wriedrath;x
2161;80;176;0;Dhruo;x
2162;68;119;144;Muzko;x
2163;208;239;128;Chak;x
2164;144;48;192;Roujdiehwu;x
2165;16;176;192;Moud;x
2166;16;112;1;Shan;x
2167;208;176;128;Tham;x
2168;144;176;128;Sufraumn;x
2169;144;112;1;Kaungech;x
2170;16;239;1;Shrean;x
2171;1;239;180;Wraudz;x
2172;90;76;91;Dhuzhihw;x
2173;208;48;128;Zhouv;x
2174;144;48;64;Hwemef;x
2175;16;176;128;Tawang;x
2176;16;176;64;Nguw;x
2177;144;176;192;Shras;x
2178;144;176;64;Fung;x
2179;192;192;112;Sauzhdie;x
2180;223;80;64;Wiengoummau;x
2181;208;48;64;Fucho;x
2182;16;48;192;Faztu;x
2183;80;48;192;Kant;x
2184;219;133;176;Dhroumn;x
2185;64;176;1;Zhkuadhdi;x
2186;222;200;211;Zkea;x
2187;208;48;192;Wiezhtauta;x
2188;80;176;64;Gyej;x
2189;80;176;192;Mued;x
2190;208;176;64;Oshedzeeb;x
2191;176;208;199;Reerq;x
2192;16;112;64;Ashe;x
2193;144;239;64;Ugi;x
2194;144;112;64;Iman;x
2195;16;239;64;Fodh;x
2196;144;112;128;Pgube Pi;x
2197;144;112;192;Poefue;x
2198;16;239;192;Bommaef;x
2199;16;112;192;Hod;x
2200;16;112;128;Gibtasfu;x
2201;16;239;128;Upue;x
2202;216;131;105;Taspma;x
2203;239;144;220;Begst;x
2204;138;138;32;Iemes;x
2205;128;192;16;Giep;x
2206;48;176;128;Esoespma;x
2207;172;90;137;Hammoebos;x
2208;176;176;128;Tuemaet;x
2209;243;242;201;Gub Fosoe;x
2210;82;147;151;Huespmit;x
2211;176;49;1;Pgape;x
2212;48;176;1;Aho;x
2213;198;198;99;Gegin;x
2214;49;112;128;Gjon;x
2215;176;176;1;Bied;x
2216;135;127;144;Buesfiet;x
2217;112;112;184;Dongu;x
2218;30;118;30;Thuach;x
2219;114;192;114;Dhomn;x
2220;122;111;163;Dzehw;x
2221;129;17;208;Zhuash;x
2222;176;112;128;Muag;x
2223;48;240;128;Ruozh;x
2224;137;51;77;Zhkuad;x
2225;51;83;137;Thauchau;x
2226;96;96;96;Dhekehwea;x
2227;137;51;122;Hwef;x
2228;156;82;202;Freathdoung;x
2229;68;91;108;Dauzhuzh;x
2230;51;137;91;Dhuad;x
2231;82;153;202;Gefu;x
2232;112;240;1;Wrouthdie;x
2233;240;240;1;Zhuze;x
2234;176;48;128;Suzkedz;x
2235;96;101;78;Thufre;x
2236;236;192;97;Diehw;x
2237;112;112;128;Chemn;x
2238;212;150;177;Mrou;x
2239;160;1;17;Mezi;x
2240;160;128;17;Vezhtedhdou;x
2241;128;192;80;Rouzhokshie;x
2242;192;192;208;Thissou;x
2243;108;98;81;Riemie;x
2244;92;34;57;Dhiewu;x
2245;33;1;144;Apetina;x
2246;159;0;144;Maripasoula;x
2247;128;0;80;Bogota;x
2248;0;192;144;Ibaque;x
2249;216;216;228;Tunja;x
2250;128;64;144;Manizales;x
2251;128;192;144;Cucuta;x
2252;208;112;64;Medellin;x
2253;0;64;144;Quibdo;x
2254;112;176;1;Cartagena de Indias;x
2255;150;90;46;Barranquilla;x
2256;128;128;80;Cali;x
2257;0;0;208;Popayan;x
2258;0;128;80;Buenaventura;x
2259;128;0;208;Pasto;x
2260;64;64;144;San Jose del Gauaviare;x
2261;191;191;144;Obando;x
2262;135;86;61;Casanare;x
2263;64;192;17;El Encanto;x
2264;176;240;128;Caracas;x
2265;192;64;17;Guanare;x
2266;128;64;208;Calabozo;x
2267;1;191;208;Cumana;x
2268;80;112;65;San Felipe;x
2269;240;112;1;Guiria;x
2270;239;48;1;Maracaibo;x
2271;219;219;60;Valera;x
2272;240;176;1;Coro;x
2273;112;48;128;Barquisimento;x
2274;192;64;208;Barinas;x
2275;128;192;208;Angostura;x
2276;112;112;1;Curiapo;x
2277;96;96;137;El Jobal;x
2278;192;192;17;San Fernado de Atabapo;x
2279;126;201;145;Quito;x
2280;192;128;80;Guayaquil;x
2281;192;0;80;Esmereldas;x
2282;64;0;208;Loja;x
2283;141;107;149;Zamora;x
2284;233;192;243;Tena;x
2285;110;202;98;Galapagos;x
2286;115;124;126;Iquitos;x
2287;128;64;80;Yurimagues;x
2288;128;128;208;Yuncos;x
2289;0;128;208;Puca Urco;x
2290;110;219;161;Cajamarca;x
2291;192;0;208;Piura;x
2292;64;128;208;Trujillo;x
2293;160;192;176;Huanuco;x
2294;118;145;117;Moyobamba;x
2295;96;192;48;Lima;x
2296;223;0;176;Huancavelica;x
2297;96;64;176;Ica;x
2298;32;192;176;Huaraz;x
2299;223;192;48;Ayacucho;x
2300;164;115;91;Pucallpa;x
2301;28;165;97;Puerto Maldonado;x
2302;223;64;48;Cusco;x
2303;114;105;139;Puno;x
2304;223;192;176;Arequipa;x
2305;32;0;240;Antofagasta;x
2306;159;205;21;Sorocaba;x
2307;16;64;208;Iquique;x
2308;160;0;112;Arica;x
2309;32;128;112;Calama;x
2310;225;188;206;La Paz;x
2311;160;64;48;Cochabamba;x
2312;160;64;176;Oruro;x
2313;96;128;240;Chuquisaca;x
2314;160;128;112;Potosi;x
2315;223;0;240;Tarija;x
2316;96;0;240;Santa Cruz;x
2317;223;128;176;San Ignacio;x
2318;223;128;112;Robore;x
2319;160;192;240;Santa Ana;x
2320;224;0;16;Riberalta;x
2321;64;64;208;Cobija;x
2322;208;128;80;Copiapo;x
2323;208;0;208;La Serena;x
2324;208;128;208;Santiago;x
2325;80;128;208;Valparaiso;x
2326;112;224;144;Vina del Mar;x
2327;16;192;80;Talca;x
2328;144;64;208;Valdivia;x
2329;144;192;208;Temuco;x
2330;144;64;80;Cauquenes;x
2331;144;192;80;Chillan;x
2332;16;192;208;Osorno;x
2333;48;224;16;Puerto Aisen;x
2334;176;224;16;Punta Arenas;x
2335;112;96;144;Porvenir;x
2336;154;121;220;Easter Island;x
2337;0;33;176;Fortin Falcon;x
2338;96;192;240;Puerto Gaurani;x
2339;205;159;68;Asuncion;x
2340;205;30;68;Pilar;x
2341;54;159;68;Encarnacion;x
2342;205;31;230;San Pedro;x
2343;54;30;230;Concepcion;x
2344;164;110;210;Montevideo;x
2345;230;159;6;Paysandu;x
2346;6;30;230;Tacumba;x
2347;68;159;6;Melo;x
2348;176;192;144;Buenos Aires;x
2349;49;128;80;Junin;x
2350;49;192;144;Azul;x
2351;176;65;144;La Plata;x
2352;91;98;146;Mar del Plata;x
2353;176;127;80;Trenque Lanquen;x
2354;176;65;17;Bahia Blanca;x
2355;240;1;144;Carmen;x
2356;156;33;49;Corrientes;x
2357;177;150;195;Curuzu Cuatia;x
2358;165;120;126;Santo Tomas;x
2359;240;64;17;Colon;x
2360;112;64;16;Parana;x
2361;176;1;80;Santa Espiritu;x
2362;112;192;144;Reconquista;x
2363;49;192;16;Rosario;x
2364;176;192;17;Resistencia;x
2365;160;128;240;Villa Angela;x
2366;44;108;80;Formosa;x
2367;160;65;112;Xolotas;x
2368;32;128;240;Salta;x
2369;32;64;240;Jujuy;x
2370;223;0;48;Cochinoca;x
2371;223;128;240;Equia;x
2372;32;64;112;Rivadavia;x
2373;208;192;80;Tucuman;x
2374;208;192;208;Catamarca;x
2375;239;185;203;Vinchina;x
2376;80;64;208;Santiago del Estero;x
2377;176;0;80;Anatuya;x
2378;208;65;208;Mailin;x
2379;176;209;106;Cordoba de Argentina;x
2380;240;128;144;Villa Nueva;x
2381;112;128;144;Rio Cuarto;x
2382;32;191;113;Renanco;x
2383;112;0;144;San Luis;x
2384;239;128;16;Mercedes;x
2385;176;0;16;La Rioja;x
2386;48;128;16;Santa Rita;x
2387;176;128;16;San Juan;x
2388;16;0;208;Calingasta;x
2389;48;0;144;Mendoza;x
2390;176;0;144;San Rafael;x
2391;142;146;147;Nequen;x
2392;176;128;144;Viedma;x
2393;240;1;16;Telen;x
2394;16;128;208;Bariloche;x
2395;112;128;17;Curaco;x
2396;176;32;80;Rawson;x
2397;176;96;144;Esquel;x
2398;140;125;169;Puerto Deseado;x
2399;239;160;16;Rio Galleagos;x
2400;239;96;144;Rio Grande;x
2401;192;64;144;Marabitanas;x
2402;111;194;208;Manaus;x
2403;224;1;17;Cachoeira;x
2404;138;90;98;Tefe;x
2405;224;128;144;Borba;x
2406;92;34;80;Cocos Islands;x
2407;64;192;144;Tabatinga;x
2408;65;192;81;Oriximina;x
2409;68;108;99;Saint Vincent;x
2410;160;65;17;Belem;x
2411;96;128;144;Santarem;x
2412;160;128;144;Obidos;x
2413;53;100;30;Maraba;x
2414;96;1;144;Amapa;x
2415;224;1;144;Macapa;x
2416;198;206;210;Dourados;x
2417;1;65;208;Vila Bela;x
2418;191;32;49;Cuiaba;x
2419;0;118;230;Corumba;x
2420;157;54;21;Iguatemi;x
2421;83;118;68;Vila Boa;x
2422;64;159;48;Aganja;x
2423;160;65;144;Palmas;x
2424;33;192;17;Sao Luis;x
2425;160;192;17;Chapada;x
2426;160;192;144;Teresina;x
2427;33;192;144;Oieras;x
2428;160;1;80;Paraiba;x
2429;131;92;31;Fortaleza;x
2430;224;65;17;Crato;x
2431;96;65;144;Natal;x
2432;33;128;80;Recife;x
2433;96;192;17;Cabrobo;x
2434;160;128;80;Maceio;x
2435;192;160;112;Aracaju;x
2436;1;160;176;Salvador de Bahia;x
2437;1;97;48;Juazeiro;x
2438;192;160;48;Vila do Barra;x
2439;159;13;137;Porto Seguro;x
2440;192;160;176;Vitoria da Conquista;x
2441;132;153;248;Ouro Preto;x
2442;0;118;68;Sabara;x
2443;205;159;6;Januaria;x
2444;30;12;136;Paracatu;x
2445;30;205;21;Uberaba;x
2446;30;54;137;Sao Joao del Rey;x
2447;31;205;137;Rio de Janeiro;x
2448;159;205;137;Campos;x
2449;150;114;142;Vitoria;x
2450;83;205;137;Sao Paulo;x
2451;157;54;136;Santos;x
2452;205;123;21;Campinas;x
2453;128;59;54;Assis;x
2454;160;128;48;Fiji;x
2455;41;141;108;Iguape;x
2456;141;66;107;Araraquara;x
2457;0;54;137;Curitiba;x
2458;83;205;21;Garapuava;x
2459;237;205;21;Lajes;x
2460;150;110;176;Castro;x
2461;165;114;56;Desterro;x
2462;168;131;135;Sao Miguel;x
2463;68;199;176;Porto Alegre;x
2464;205;158;205;Pelotas;x
2465;118;0;230;Passo Fundo;x
2466;137;83;181;Santa Maria;x
2467;230;159;100;Alegrete;x
2468;207;64;48;Sydney;x
2469;81;224;208;Newcastle;x
2470;208;96;208;Port Macquarie;x
2471;130;27;196;Ophir;x
2472;80;128;48;Eden;x
2473;196;27;150;Wagga Wagga;x
2474;17;96;80;Moree;x
2475;17;96;207;Broken Hill;x
2476;27;196;166;Melbourne;x
2477;144;64;48;Warmambool;x
2478;27;118;196;Ballarat;x
2479;17;192;48;Sale;x
2480;196;126;27;Beechworth;x
2481;79;27;196;Swan Hill;x
2482;17;64;48;Tasmania;x
2483;208;224;208;Brisbane;x
2484;207;223;80;Gladstone;x
2485;207;96;80;Clermont;x
2486;80;96;208;Toowoomba;x
2487;80;223;80;Townsville;x
2488;144;192;16;Cooktown;x
2489;80;128;144;Longreach;x
2490;16;223;80;Charleville;x
2491;208;160;208;Adelaide;x
2492;198;208;160;Port Lincolon;x
2493;160;186;208;Robe;x
2494;144;223;80;Port Augusta;x
2495;144;96;207;Oodnadatta;x
2496;17;223;207;Tarcoola;x
2497;208;32;208;Perth;x
2498;141;159;80;Kojonup;x
2499;159;141;80;Geraldton;x
2500;81;33;208;Kalgoorlie;x
2501;214;140;214;Broome;x
2502;80;159;80;Dampier;x
2503;208;160;81;Wiluna;x
2504;81;160;208;Esperance;x
2505;207;0;144;Palmerston;x
2506;80;0;144;Tennant Creek;x
2507;144;96;80;Alice Springs;x
2508;64;176;96;Norfolk Island;x
2509;176;188;148;Auckland;x
2510;144;0;240;New Plymouth;x
2511;16;128;240;Napier;x
2512;16;0;240;Wellington;x
2513;208;192;48;Dunedin;x
2514;80;192;176;Hokitika;x
2515;80;64;176;Christchurch;x
2516;208;64;176;Nelson;x
2517;85;113;65;Guam;x
2518;128;192;113;Palau;x
2519;65;65;112;Yap;x
2520;217;140;218;Taveuni;x
2521;112;240;224;Saipan;x
2522;128;128;17;Marshall Islands;x
2523;192;65;240;Nauru;x
2524;239;208;192;Wake;x
2525;239;80;192;Marcus;x
2526;87;200;76;Palmyra;x
2527;128;192;17;Gilbert Islands;x
2528;113;144;64;Port Moresby;x
2529;144;64;144;Kerema;x
2530;16;64;144;Lae;x
2531;87;121;177;Madang;x
2532;192;65;81;Forte Sao Joaquim;x
2533;49;97;160;Targu Mures;x
2534;208;64;144;Solomon Islands;x
2535;80;64;144;New Hebrides;x
2536;208;192;16;Santa Cruz Islands;x
2537;16;192;144;New Britain;x
2538;17;224;33;Novi Sad;x
2539;80;192;16;Bougainville;x
2540;32;128;48;Tonga;x
2541;128;128;144;Ellice Islands;x
2542;188;76;110;Wallis And Futuna;x
2543;192;0;16;Apia;x
2544;245;217;121;Pago Pago;x
2545;241;219;243;Rarotonga;x
2546;153;130;147;Tongareva;x
2547;167;248;161;Tokelau;x
2548;66;113;20;Niue;x
2549;65;192;208;Tarauaca;x
2550;33;64;144;Forte do Principe;x
2551;1;42;176;Marquesas;x
2552;179;68;102;Pitcairn;x
2553;1;129;176;Tuamotus;x
2554;205;159;230;Posadas;x
2555;128;32;128;Augusta;x
2556;128;112;64;Asheville;x
2557;0;64;223;Esbjerg;x
2558;112;64;208;De Aar;x
2559;240;17;33;Suhaj;x
2560;17;65;160;Darmstadt;x
2561;208;128;33;Siegburg;x
2562;154;80;102;Tainan;x
2563;118;115;79;Safi;x
2564;177;165;165;Salima;x
2565;210;202;74;Cebu;x
2566;217;148;14;Agartala;x
2567;14;139;204;Gaeta;x
2568;17;192;224;Lugano;x
2569;245;246;194;Niksic;x
2570;196;198;26;Beauvais;x
2571;144;128;240;Tauranga;x
2572;214;169;216;Nan;x
2573;112;176;192;Mboul;x
2574;171;222;170;Mochudi;x
2575;170;34;135;Ipoh;x
2576;1;192;48;Natuna;x
2577;161;47;130;Pljevlja;x
2578;0;112;53;Tacna;x
2579;113;65;77;Truk;x
2580;233;198;113;Stara Ladoga;x
2581;160;97;175;Mataka;x
2582;144;160;224;Kotor;x
2583;140;98;146;Cetinje;x
2584;144;97;224;Bielsko;x
2585;177;3;22;Matan as Sarah;x
2586;9;6;150;Al-Ahsa;x
2587;51;9;23;Kola;x
2588;93;12;151;Onega;x
2589;135;15;24;Kanin;x
2590;177;18;152;Ceuta;x
2591;51;24;153;Tranquebar;x
2592;93;27;26;Ungava;x
2593;135;30;154;Fort George;x
2594;177;33;27;Pickle;x
2595;9;36;155;Nunavut;x
2596;93;42;156;Fort Resolution;x
2597;135;45;29;Fort Vermilion;x
2598;177;48;157;Fort Liard;x
2599;51;54;158;Fort Yukon;x
2600;93;57;31;Altamira;x
2601;46;66;133;Sandy Desert;x
2602;88;69;6;Roebourne;x
2603;130;72;134;Tanami;x
2604;172;75;77;Normanton;x
2605;174;45;172;Gibson's Desert;x
2606;46;81;8;Aktogay;x
2607;88;84;136;Taklamakan;x
2608;130;87;9;Khatgal;x
2609;48;171;193;Araouane;x
2610;90;174;66;Oral;x
2611;132;177;194;Turgay;x
2612;174;180;67;Zhambyl;x
2613;6;183;195;Novyj Urengoj;x
2614;48;186;68;Panajevsk;x
2615;132;192;69;Sidorovsk;x
2616;174;195;197;Korf;x
2617;6;198;70;Amgun;x
2618;48;201;198;Talaya;x
2619;90;204;71;Indigirka;x
2620;132;207;199;Kolyma;x
2621;174;210;72;Srednekolymsk;x
2622;126;159;4;Majn;x
2623;233;177;121;Midway Island;x
2624;42;48;8;Loango;x
2625;84;51;136;Port Hope Simpson;x
2626;126;54;9;Port Harrison;x
2627;64;96;64;Fort Chimo;x
2628;168;57;137;Attawapiskat;x
2629;0;60;10;Beatton River;x
2630;42;63;138;Fairbanks;x
2631;84;66;11;Yukon;x
2632;126;69;139;Kwangchowan;x
2633;168;72;12;Palana;x
2634;0;75;140;Khatyrka;x
2635;42;78;13;Kariba;x
2636;84;81;141;Aasiaat;x
2637;126;84;14;Navarin;x
2638;168;87;142;Sugoj;x
2639;0;90;15;Susuman;x
2640;42;93;143;Ugolnoe;x
2641;84;96;16;Ajan;x
2642;126;99;144;Tomtor;x
2643;168;102;17;Honuu;x
2644;0;105;145;Tommot;x
2645;42;108;18;Artemovskij;x
2646;42;153;153;Niznevartovsk;x
2647;126;114;19;Lifau;x
2648;168;117;147;Handyga;x
2649;0;120;20;Tomtor;x
2650;42;123;148;Malykaj;x
2651;84;126;21;Zigansk;x
2652;126;129;149;Kular;x
2653;168;132;22;Saskylah;x
2654;0;135;150;Hatanga;x
2655;42;138;23;Essej;x
2656;84;141;151;Vanavara;x
2657;126;144;24;Svetlogorsk;x
2658;168;147;152;Kheta;x
2659;0;150;25;Guba;x
2660;42;153;3;Anuj;x
2661;6;0;200;Anjuj;x
2662;84;156;131;Ambarcik;x
2663;168;162;32;Manily;x
2664;0;165;5;Omolon;x
2665;42;168;133;Cokurdah;x
2666;84;171;6;Komsomolskiy;x
2667;126;174;134;Kazace;x
2668;168;177;7;Adyca;x
2669;0;180;135;Majja;x
2670;42;183;8;Tiksi;x
2671;84;186;136;Lena;x
2672;126;189;9;Borogoncy;x
2673;168;192;137;Olenek;x
2674;0;195;10;Novyj Kajak;x
2675;42;198;138;Ajhal;x
2676;84;201;11;Kirensk;x
2677;126;204;139;Nepa;x
2678;168;207;12;Bulgan;x
2679;0;210;140;Khovd;x
2680;84;33;146;Dudinka;x
2681;126;36;19;Taz;x
2682;168;39;147;Nadym;x
2683;0;42;20;Vasjugan;x
2684;42;45;148;Aksarka;x
2685;84;48;21;Njagan;x
2686;126;51;149;Isim;x
2687;168;54;22;Amderma;x
2688;126;75;224;Inta;x
2689;168;78;97;Vojvoz;x
2690;0;81;225;Gornopravdinsk;x
2691;42;84;98;Vorgovo;x
2692;84;87;226;Kostino;x
2693;168;93;227;Kotuj;x
2694;0;96;0;Erbogacen;x
2695;42;99;128;Lensk;x
2696;84;102;1;Nerjungri;x
2697;52;105;128;Tygda;x
2698;42;3;78;Slavgorod;x
2699;133;33;4;Izma;x
2700;10;120;195;Usogorsk;x
2701;94;15;21;Cunyja;x
2702;4;78;135;Aralsk;x
2703;1;200;200;Vnern;x
2704;2;200;250;Vttern;x
2705;3;220;250;Gulf of Bothnia;x
2706;4;250;250;lands Hav;x
2707;5;200;200;Gulf of Finland;x
2708;6;200;250;Western Baltic Sea;x
2709;7;220;250;Gulf of Riga;x
2710;8;250;250;Southern Baltic Sea;x
2711;9;200;200;resund;x
2712;10;200;250;Kattegat;x
2713;11;220;250;Peipsi Jrv;x
2714;12;250;250;Ladoga;x
2715;13;200;200;Onega;x
2716;14;200;250;White Sea;x
2717;15;220;250;Lofoten Sea;x
2718;16;250;250;Northern Norwegian Sea;x
2719;17;200;200;Southern Norwegian Sea;x
2720;18;200;250;Skagerrack;x
2721;19;220;250;Helgoland Bight;x
2722;20;250;250;Coast of Holland;x
2723;21;200;200;Dogger Bank;x
2724;22;200;250;Straits of Dover;x
2725;23;220;250;The Channel;x
2726;24;250;250;Lands End;x
2727;25;200;200;Coast of Britanny;x
2728;26;200;250;Quiberon Bay;x
2729;27;220;250;Cote D'Argent;x
2730;28;250;250;Bay of Biscay;x
2731;29;200;200;Cantabrian Sea;x
2732;30;200;250;Tyne;x
2733;31;220;250;Firth of Forth;x
2734;32;250;250;The North Sea;x
2735;33;200;200;Moray Firth;x
2736;34;200;250;North Channel;x
2737;35;220;250;Irish Sea;x
2738;36;250;250;St. George's Channel;x
2739;37;200;200;Donegal Bay;x
2740;38;200;250;Dingle Bay;x
2741;39;220;250;Celtic Sea;x
2742;40;250;250;Western Approaches;x
2743;41;200;200;Finisterre Bay;x
2744;42;200;250;Lusitanian Sea;x
2745;43;220;250;Gulf of Cadiz;x
2746;44;250;250;Straits of Gibraltar;x
2747;45;200;200;Gulf of Almeira;x
2748;46;200;250;Gulf of Valencia;x
2749;47;220;250;Gulf of Lion;x
2750;48;250;250;Cote D'Azur;x
2751;49;200;200;Ligurian Sea;x
2752;50;200;250;Gulf of Mallocra;x
2753;51;220;250;Western Mediterranean;x
2754;52;250;250;Barbary Coast;x
2755;53;200;200;Cape Bon;x
2756;54;200;250;Tyrrenean Sea;x
2757;55;220;250;Bay of Naples;x
2758;56;250;250;Gulf of Gabes;x
2759;57;200;200;Malta Channel;x
2760;58;200;250;Straits of Messina;x
2761;59;220;250;Gulf of Venice;x
2762;60;250;250;Adriatic Sea;x
2763;61;200;200;Straits of Otranto;x
2764;62;200;250;Gulf of Taranto;x
2765;63;220;250;Ionian Sea;x
2766;64;250;250;Gulf of Sirte;x
2767;65;200;200;Gulf of Tobruk;x
2768;66;200;250;Bay of Alexandrian;x
2769;67;220;250;Palestinian Coast;x
2770;68;250;250;Gulf of Cyprus;x
2771;69;200;200;Sea of Crete;x
2772;70;200;250;Aegean Sea;x
2773;71;220;250;Sea of Marmara;x
2774;72;250;250;Gulf of Varna;x
2775;73;200;200;Gulf of Odessa;x
2776;74;200;250;Sea of Azov;x
2777;75;220;250;Eastern Black Sea;x
2778;76;250;250;Lake Balaton;x
2779;77;200;200;Caspian Sea;x
2780;78;200;250;Aral Sea;x
2781;79;220;250;Gulf of Suez;x
2782;80;250;250;Red Sea;x
2783;81;200;200;Straits of Obokk;x
2784;82;200;250;Bal el Mandeb;x
2785;83;220;250;Coast of Mascate;x
2786;84;250;250;Mascate Coast;x
2787;85;200;200;Straits of Hormuz;x
2788;86;200;250;Persian Gulf;x
2789;87;220;250;Gulf of Indus;x
2790;88;250;250;Gulf of Gujarat;x
2791;89;200;200;Laquedive Islands;x
2792;90;200;250;Coast of Malabar;x
2793;91;220;250;Comorin Cape;x
2794;92;250;250;Coast of Caramandel;x
2795;93;200;200;Coast of Orissa;x
2796;94;200;250;Ganges Delta;x
2797;95;220;250;Akyab Bay;x
2798;96;250;250;Irrawady Delta;x
2799;97;200;200;Andaman Sea;x
2800;98;200;250;Mergui Archipelago;x
2801;99;220;250;Straits of Malacca;x
2802;100;250;250;Nicobar Isles;x
2803;101;200;200;Coast of Atjeh;x
2804;102;200;250;Coast of Sumatra;x
2805;103;220;250;Christmas Island;x
2806;104;250;250;Coast of Java;x
2807;105;200;200;Coast of Surabaya;x
2808;106;200;250;Straits of Lombok;x
2809;107;220;250;Timor Sea;x
2810;108;250;250;The Moluccas;x
2811;109;200;200;Java Sea;x
2812;110;200;250;Straits of Makassar;x
2813;111;220;250;Karimata Strait;x
2814;112;250;250;Straits of Johore;x
2815;113;200;200;Malayan Sea;x
2816;114;200;250;Coast of Sarawk;x
2817;115;220;250;Mekong Delta;x
2818;116;250;250;Gulf of Siam;x
2819;117;200;200;Cam Rah Bay;x
2820;118;200;250;South China Sea;x
2821;119;220;250;Coast of Brunei;x
2822;120;250;250;Coast of Annam;x
2823;121;200;200;Gulf of Tonkin;x
2824;122;200;250;Guanghou Bay;x
2825;123;220;250;Taiwan Strait;x
2826;124;250;250;Yang Tse Delta;x
2827;125;200;200;Yellow Sea;x
2828;126;200;250;Korea Bay;x
2829;127;220;250;South Korean Sea;x
2830;0;251;251;North Korean Sea;x
2831;1;201;201;Coast of Olga;x
2832;2;201;251;Tatar Straits;x
2833;3;221;251;Amur Delta;x
2834;4;251;251;Baj of Ayan;x
2835;5;201;201;Bay of Komenskoie;x
2836;6;201;251;Coast of Kamchatska;x
2837;7;221;251;Oktothsk Sea;x
2838;8;251;251;Coast Sahkalin;x
2839;9;201;201;Soya Strait;x
2840;10;201;251;Tsugaru Strait;x
2841;11;221;251;Sea of Japan;x
2842;12;251;251;Amakusa Sea;x
2843;13;201;201;Setto Inland Sea;x
2844;14;201;251;Tokai Sea;x
2845;15;221;251;Ryukyu Islands;x
2846;16;251;251;Luzon Strait;x
2847;17;201;201;Paracel Islands;x
2848;18;201;251;Manila Bay;x
2849;19;221;251;Coast of Luzon;x
2850;20;251;251;Gulf of Leyte;x
2851;21;201;201;Sulu Sea;x
2852;22;201;251;Sea of Celebes;x
2853;23;221;251;Sea of Ternete;x
2854;24;251;251;Sea of Banda;x
2855;25;201;201;Philipine Sea;x
2856;26;201;251;Palau Islands;x
2857;27;221;251;Biak Bay;x
2858;28;251;251;Vilian Strait;x
2859;29;201;201;Trobrian Islands;x
2860;30;201;251;Torres Strait;x
2861;31;221;251;Arafuam Sea;x
2862;32;251;251;Kolepom Bay;x
2863;33;201;201;Gulf of Carpentaria;x
2864;34;201;251;Great Barrier Reef;x
2865;35;221;251;Capricorn Bay;x
2866;36;251;251;Cape Howe;x
2867;37;201;201;Bass Strait;x
2868;38;201;251;Kangaroo Island;x
2869;39;221;251;Great Australian Bight;x
2870;40;251;251;Cape Leuwiin;x
2871;41;201;201;Shark Bay;x
2872;42;201;251;Northwest Cape;x
2873;43;221;251;King Sound;x
2874;44;251;251;Tasman Sea;x
2875;45;201;201;Southern Tasman Sea;x
2876;46;201;251;Cook Strait;x
2877;47;221;251;Northern Tasman Sea;x
2878;48;251;251;Cape Farwell;x
2879;49;201;201;Coast of New Zealand;x
2880;50;201;251;Cantebury Bight;x
2881;51;221;251;Sea of Antarctica;x
2882;52;251;251;New Caledonian Sea;x
2883;53;201;201;Coral Sea;x
2884;54;201;251;Gilbert Sea;x
2885;55;221;251;Solomon Sea;x
2886;56;251;251;Nauru Island;x
2887;57;201;201;Melanesia Sea;x
2888;58;201;251;Micronesia Sea;x
2889;59;221;251;Yap Islands;x
2890;60;251;251;Mariana Islands;x
2891;61;201;201;Tinian Sea;x
2892;62;201;251;Iwo Jima Sea;x
2893;63;221;251;Taihei Ocean;x
2894;64;251;251;The Kuriles;x
2895;65;201;201;Bay of Uka;x
2896;66;201;251;Bay of Oljut;x
2897;67;221;251;Bay of Anadyr;x
2898;68;251;251;Western Pacific #12;x
2899;69;201;201;Horn of Africa;x
2900;70;201;251;Coast of Pepper;x
2901;71;221;251;Zanzibar Strait;x
2902;72;251;251;Mozambique Channel;x
2903;73;201;201;Diego Suarez Bay;x
2904;74;201;251;Western Arabian Sea;x
2905;75;221;251;Eastern Arabian Sea;x
2906;76;251;251;The Seychelles;x
2907;77;201;201;Coast of Tamatave;x
2908;78;201;251;The Mascareignes;x
2909;79;221;251;Gulf of Zambeze;x
2910;80;251;251;Coast of Natal;x
2911;81;201;201;Coast of Transkei;x
2912;82;201;251;Coast of Ciskei;x
2913;83;221;251;Cape of Good Hope;x
2914;84;251;251;Coast of Namibia;x
2915;85;201;201;Coast of Angola;x
2916;86;201;251;Gulf of Kongo;x
2917;87;221;251;Coast of Cameroon;x
2918;88;251;251;Gulf of Nigeria;x
2919;89;201;201;Ivory Coast;x
2920;90;201;251;Gold Coast;x
2921;91;221;251;Coast of Gamvia;x
2922;92;251;251;Coast of Guinea;x
2923;93;201;201;Maueretanian Coast;x
2924;94;201;251;Canarian Sea;x
2925;95;221;251;Coast of Morocco;x
2926;96;251;251;Jan Mayen Sea;x
2927;97;201;201;Spitzberg Sea;x
2928;98;201;251;Icelandic Sea;x
2929;99;221;251;Shetland Straits;x
2930;100;251;251;Coast of Iceland;x
2931;101;201;201;Northeastern Atlantic;x
2932;102;201;251;Rockall;x
2933;103;221;251;Denmark Strait;x
2934;104;251;251;Eastern Coast of Greenland;x
2935;105;201;201;Western Coast of Greenland;x
2936;106;201;251;Labrador Strait;x
2937;107;221;251;Baffin Bay;x
2938;108;251;251;Hudson Straits;x
2939;109;201;201;James Bay;x
2940;110;201;251;Western Hudson Bay;x
2941;111;221;251;Eastern Hudson Bay;x
2942;112;251;251;Foxe Bassin;x
2943;113;201;201;Gulf of St. Lawrence;x
2944;114;201;251;Cabot Strait;x
2945;115;221;251;Bay of Fundy;x
2946;116;251;251;Strait of Belle Isle;x
2947;117;201;201;Fortune Bay;x
2948;118;201;251;Notre Dame Bay;x
2949;119;221;251;Labrador Sea;x
2950;120;251;251;Greenland Sea;x
2951;121;201;201;Northern Atlantic;x
2952;122;201;251;Masschusetts Bay;x
2953;123;221;251;Chesapaeake Bay;x
2954;124;251;251;Cape Hatteras;x
2955;125;201;201;Coast of Carolina;x
2956;126;201;251;Coast of Florida;x
2957;127;221;251;Sea of Sargassos;x
2958;0;252;252;Florida Straits;x
2959;1;202;202;Apalachee Bay;x
2960;2;202;252;Mobile Bay;x
2961;3;222;252;Galveston Bay;x
2962;4;252;252;Tampico Bay;x
2963;5;202;202;Yucatan Sea;x
2964;6;202;252;Gulf of Mexico;x
2965;7;222;252;Yucatan Channel;x
2966;8;252;252;Belize Bay;x
2967;9;202;202;Moscitos Coast;x
2968;10;202;252;Gulf of Darien;x
2969;11;222;252;Jamica Channel;x
2970;12;252;252;Central Carribean;x
2971;13;202;202;Northwestern Carribean;x
2972;14;202;252;Venezualan Gulf;x
2973;15;222;252;Venezuelan Sea;x
2974;16;252;252;Eastern Carribean;x
2975;17;202;202;Windward Islands;x
2976;18;202;252;Lesser Antilles;x
2977;19;222;252;Turks & Caicos Sea;x
2978;20;252;252;Coast of Cuba;x
2979;21;202;202;Coast of Hispaniola;x
2980;22;202;252;Guyana Coast;x
2981;23;222;252;Bay of Belem;x
2982;24;252;252;Amazonas Gulf;x
2983;25;202;202;Coast of Brazil;x
2984;26;202;252;Coast of Recife;x
2985;27;222;252;Coast of Pernambuc;x
2986;28;252;252;Todos Santos Bay;x
2987;29;202;202;Rio De Janeiro;x
2988;30;202;252;Baia Parangua;x
2989;31;222;252;Rio De La Plata;x
2990;32;252;252;Bahia Blanca;x
2991;33;202;202;Coast of Patagonia;x
2992;34;202;252;Magellan Strait;x
2993;35;222;252;South Chilean Coast;x
2994;36;252;252;Coast of Chile;x
2995;37;202;202;Atacama Coast;x
2996;38;202;252;Arica Gulf;x
2997;39;222;252;Arequipa Bay;x
2998;40;252;252;Coast of Peru;x
2999;41;202;202;Guayaguil Bay;x
3000;42;202;252;Coast of Ecuador;x
3001;43;222;252;Gulf of Panama;x
3002;44;252;252;Bay of Costa Rica;x
3003;45;202;202;Acapulco Bay;x
3004;46;202;252;Manzazilla Bay;x
3005;47;222;252;Mazatlan Bay;x
3006;48;252;252;Gulf of California;x
3007;49;202;202;Coast of Baja;x
3008;50;202;252;Coast of California;x
3009;51;222;252;Santa Catalina Islands;x
3010;52;252;252;Coast of Oregon;x
3011;53;202;202;Coast of Columbia;x
3012;54;202;252;Hecate Strait;x
3013;55;222;252;Gulf of Alaska;x
3014;56;252;252;Coast of Alaska;x
3015;57;202;202;Kuskowim Bay;x
3016;58;202;252;Hatton Bank;x
3017;59;222;252;Eastern Gibbs Fracture;x
3018;60;252;252;Western Gibbs Fracture;x
3019;61;202;202;Iberian Shelf;x
3020;62;202;252;Sea of Azores;x
3021;63;222;252;Corner Seamounts;x
3022;64;252;252;New England Seamounts;x
3023;65;202;202;Sable Island Bank;x
3024;66;202;252;Blake Plataeu;x
3025;67;222;252;West Bermuda Sea;x
3026;68;252;252;East Bermuda Sea;x
3027;69;202;202;Some Funny Seaname;x
3028;70;202;252;Northern Guiana Basin;x
3029;71;222;252;Guiana Basin;x
3030;72;252;252;Southern Guiana Basin;x
3031;73;202;202;Canary Approach;x
3032;74;202;252;Cap Verde Approach;x
3033;75;222;252;Central Atlantic #1;x
3034;76;252;252;Central Atlantic #2;x
3035;77;202;202;Central Atlantic #3;x
3036;78;202;252;Central Atlantic #4;x
3037;79;222;252;Romanche Gap;x
3038;80;252;252;East Guinea Basin;x
3039;81;202;202;West Guinea Basin;x
3040;82;202;252;Coast of Falklands;x
3041;83;222;252;New Georgia Islands;x
3042;84;252;252;Western Atlantic #1;x
